"ID","Team","Title","Description","Status","Estimate","Priority","Project ID","Project","Creator","Assignee","Labels","Cycle Number","Cycle Name","Cycle Start","Cycle End","Created","Updated","Started","Triaged","Completed","Canceled","Archived","Due Date","Parent issue","Initiatives","Project Milestone ID","Project Milestone","SLA Status","UUID","Time in status (minutes)","Related to","Blocked by","Duplicate of"
"DES-69","umbral-equipo-12","PRD — HU-07A: Participant Membership Validation in Session","'> PRD for HU-07A ([DES-11](https://linear.app/desarrollo-equipo-12/issue/DES-11/hu-07a-validacion-de-membresia-del-participante-en-sesion)) · bounded context: `Identity` (`identity-access-service`) · branch: `feature/hu-07a-participant-membership-validation`
> Local copy: `backend/docs/prd/DES-11-participant-membership-validation.md`

## Problem Statement

When a live session is running, an authenticated participant must end up inside the real-time context of *their own* team — and only that team. Today the platform can authenticate an actor (HU-01/HU-06) and knows which team a participant was assigned to (HU-04/HU-05), but nothing closes the loop between ""this person is logged in"" and ""this person is allowed into Team Red's shared state right now."" Without that gate, a participant could request another team's context, or a malicious client could try to join a team or session it was never authorized for, and the real-time channel would have no identity-side fact to refuse on.

From the participant's perspective: ""I logged in, I was put on a team, and when I open the session I should land in my team's space automatically — and I should never be able to peek into another team's space.""

From the operator/administrator's perspective: ""I need to hand each participant a verifiable proof that they may enter a specific session-and-team, and I need the system to reject anyone presenting a stale, foreign, or forged proof before any shared team state is exposed.""

## Solution

`Identity` owns a limited-scope `JoinToken` that proves a participant may enter a specific `(LiveSession, Team)` pair through the approved join flow, plus a read-only **membership-validation** capability that confirms — for the authenticated participant only — that they are an active `Participant`, that they hold an active `TeamMembership` for the requested team, and (when presented) that their `JoinToken` is still valid.

The capability returns `Access Facts` (an `AccessDecision`): identity, role, token validity, and a coarse allow/deny for the requested team context. It deliberately does **not** admit the participant to the live session or to the real-time hub — that final admission decision belongs to `SessionOperations` (HU-07B). Identity produces the gate; session runtime consumes it.

Concretely, two surfaces are added to `identity-access-service`:

1. **Issue a join token** — an administrator or operator mints a `JoinToken` for a `(liveSessionId, teamId)` pair and hands the one-time plaintext token to the participant's client.
2. **Validate participant membership access** — the authenticated participant asks Identity to confirm they may enter their team's context; Identity answers with an `AccessDecision` without consuming the token.

Both surfaces enforce authorization through a `Proxy` guard (the mandated pattern for this context), never through ad-hoc role/ownership `if`-checks inside handlers or endpoints.

## User Stories

 1. As an administrator, I want to mint a join token for a specific session-and-team pair, so that I can authorize a participant to enter exactly that context.
 2. As an operator, I want to mint a join token the same way an administrator can, so that live-session staffing does not depend on an administrator being online.
 3. As an administrator/operator, I want the minted token returned to me exactly once in plaintext, so that I can deliver it to the participant while the platform only ever stores its hash.
 4. As an administrator/operator, I want a freshly issued token to default to a short lifetime when I do not specify one, so that an unused token cannot linger as a standing entry credential.
 5. As an administrator/operator, I want to optionally set the token's lifetime, so that I can match it to how long the session admission window should stay open.
 6. As an administrator/operator, I want the system to reject a non-positive or invalid expiry, so that I cannot accidentally mint a token that is already dead or never expires.
 7. As an administrator/operator, I want each issued token to carry which session and team it authorizes, so that it can never be replayed against a different team or session.
 8. As an administrator/operator, I want issuance to be refused if I am not an administrator or operator, so that participants cannot mint their own entry proofs.
 9. As a participant, I want to ask the platform whether I may enter my team's context, so that my client can route me into the right team space automatically.
10. As a participant, I want the platform to confirm I am an active participant before granting team context, so that a deactivated account cannot slip into a live session.
11. As a participant, I want the platform to confirm I actually hold a membership in the team I am requesting, so that I only ever reach the team I was assigned to.
12. As a participant, I want a request for a team I do not belong to be denied, so that I cannot see another team's shared state.
13. As a participant, I want my presented join token validated against the requested session-and-team, so that a token issued for a different context is rejected.
14. As a participant, I want an expired join token to be rejected, so that stale credentials cannot be used after the admission window closes.
15. As a participant, I want a token that was already consumed or revoked to be rejected, so that a single-use proof cannot be replayed.
16. As a participant, I want validation to be read-only, so that merely checking my access does not burn my single-use token and break my actual join or later reconnection.
17. As a participant, I want a clear, structured error when access is denied, so that my client can tell me why (wrong team, expired token, not a participant) rather than failing opaquely.
18. As the real-time channel owner (session-operations / mobile client), I want Identity's membership validation to be the authoritative gate before a participant is joined to their team's group, so that hub admission is grounded in a verified access fact.
19. As a security reviewer, I want join tokens stored only as deterministic hashes, so that a database leak does not expose usable entry credentials.
20. As a security reviewer, I want each token to carry high entropy, so that tokens cannot be guessed or brute-forced even though the hash is unsalted/deterministic.
21. As an auditor, I want a `JoinTokenIssued` event when a token is minted, so that there is a traceable record of who authorized which session-and-team and when.
22. As an auditor, I want a `JoinTokenConsumed` capability and event to exist on the domain model, so that the later admission slice can record single-use consumption without re-modeling the token.
23. As an operator, I want the platform to never claim it admitted a participant to a session, so that the boundary between identity access facts and session runtime ownership stays clear.
24. As a developer of `session-operations-service`, I want Identity to expose validation as a stable access fact (not a runtime admission), so that I can own the join/reconnection/sync rules in my context without Identity overreaching.
25. As a maintainer, I want authorization on both new surfaces enforced through a guard/proxy, so that the access rules are not duplicated as inline conditionals across handlers and endpoints.
26. As a maintainer, I want the new persistence to avoid leaking unwanted auditable columns into the `join_tokens` table, so that the schema reflects only the token's real attributes.

## Implementation Decisions

**Domain layer (**`Identity`**)**

* New Identity-owned aggregate `JoinToken` with: `JoinTokenId`, `LiveSessionId`, `TeamId`, `TokenHash`, `IssuedAt`, `ExpiresAt`, `ConsumedAt`, `IssuedByUserId`, `Status`.
* `JoinTokenStatus` enum: `Active`, `Consumed`, `Expired`, `Revoked`.
* `LiveSessionId` and `TeamId` are **loose reference ids — no EF foreign key** (Identity does not own runtime `LiveSession`/`Team`), with asymmetric semantics:
  * `TeamId` is the **Identity reference-data Team id** (HU-04) — the same id `TeamMembership` keys on. It is the only team identity Identity can validate membership against; the runtime team in session-ops is expected to correlate on this origin id.
  * `LiveSessionId` is a fully **opaque correlation id** — stored and echoed, never looked up, FK'd, or range-checked.
* `JoinToken.Consume()` transitions `Active → Consumed`, sets `ConsumedAt`, raises `JoinTokenConsumed`. Defined and unit-tested but **not** exercised by any HU-07A use case (single-use consumption belongs to admission / HU-07B).
* Timestamps normalized to **microsecond precision at the domain boundary**, because PostgreSQL `timestamptz` (6 fractional digits) truncates .NET `DateTimeOffset` (7-digit ticks); without this, exact-equality comparisons drift on the 7th digit.
* Domain service `JoinTokenPolicy` validates issuance, expiration, consumption, and replay constraints (a consumed/expired/revoked token can never grant access again). Stateless singleton.
* Domain events `JoinTokenIssued` (at issuance) and `JoinTokenConsumed` (by `Consume()`); typed exceptions per invariant breach.
* Reuses existing Identity domain: `User` (active + `Role.Participant`), reference-data `Team`, the `TeamMembership` record (HU-05) as the authorization fact, and the `AccessDecision` value object / `AccessPolicy` posture.

**Application layer (CQRS via MediatR)**

* Command `IssueJoinToken` — mints a `JoinToken` for a `(liveSessionId, teamId)` pair, restricted to administrators/operators, emits `JoinTokenIssued`, returns the plaintext token once.
* Query `ValidateParticipantMembershipAccess` — **read-only / non-consuming**. For the authenticated participant only: confirms active + `Participant` role, confirms an active `TeamMembership` for the target `teamId`, and (when a token is supplied) validates it via `JoinTokenPolicy`; returns an `AccessDecision`. Must **never** call `Consume()`.
* Authorization enforced through **authorization proxies** (`Proxy` pattern, mandated for `Identity`), following the existing `UserRoleAssignmentAuthorizationProxy` precedent — the ""participant may only validate their own team context"" rule is the proxy obligation, not an inline conditional.
* New contracts `IJoinTokenRepository` and `IJoinTokenTokenService` (generation + hashing); FluentValidation validators on command and query, consistent with existing pipeline behaviours.

**Infrastructure layer**

* New `join_tokens` table via `AddJoinTokens` EF Core migration + `JoinTokenConfiguration`; unwanted `BaseAuditableEntity` audit columns `Ignore`d so the schema reflects only the token's attributes.
* `JoinTokenRepository` (EF Core); lookups are by `TokenHash`.
* `JoinTokenTokenService`: **256-bit CSPRNG** token + **deterministic SHA-256 hash**. Deterministic (not bcrypt/Argon2) on purpose — validation recomputes `HashToken(supplied)` and looks up by hash, so a random salt could never match; brute-force resistance comes from the 256 bits of entropy. HMAC-with-pepper documented (ADR-0007) as the upgrade path if DB-leak resistance is later required. Singleton.
* Migration `AddJoinTokens` generated on top of `develop` with `AddTeamMemberships` present; reviewed for leaked audit columns before commit.

**API layer (Minimal API)**

* `POST /api/join-tokens` — administrators/operators → `201`, returns the plaintext `token` exactly once. Applies a default 15-minute lifetime only when `expiresInSeconds` is omitted/non-positive; expiry semantics otherwise stay in application/domain layers.
* `POST /api/permissions/participant-membership-access` — authenticated participant → `200` with the `AccessDecision`.
* A custom **trusted-header authentication handler** + named authorization policies let Minimal API `RequireAuthorization(...)` run through the normal [ASP.NET](<http://ASP.NET>) Core pipeline against gateway-forwarded `X-User-Id`, `X-User-Role`, `X-User-Email` headers — **no per-service JWT validation** (gateway remains the trust boundary).
* `ProblemDetailsExceptionHandler` extended to map join-token / membership failures to RFC-7807 responses (foreign team, expired/replayed token, non-participant) with appropriate status codes.

## Testing Decisions

* **Test external behavior, not implementation detail.** Assert on the returned `AccessDecision`, HTTP status/Problem-Details body, emitted domain events, and persisted row — not private fields or call sequencing.
* **Domain unit tests** (`JoinTokenTests`, `JoinTokenStatusTests`, `JoinTokenPolicyTests`): issuance invariants, expiration, `Consume()` transition + event, replay rejection. Prior art: `UserTests`, `AccessPolicyTests`.
* **Application unit tests** (`IssueJoinTokenCommandHandlerTests`/`...ValidatorTests`, `ValidateParticipantMembershipAccessQueryHandlerTests`/`...ValidatorTests`): authorized issuance, participant-only validation, foreign-team denial, non-participant denial, expired/invalid-token denial, non-consuming validation. Prior art: `AssignUserRoleCommandHandlerTests`, `AssignParticipantToTeamCommand` tests.
* **Infrastructure integration tests** (`JoinTokenRepositoryIntegrationTests`) vs real PostgreSQL via Testcontainers: round-trip persistence, lookup by hash, deterministic-hash match, consumed/expired status persistence. Prior art: `TeamRepositoryIntegrationTests`, `UserProvisioningRepositoryIntegrationTests`.
* **API integration tests** (`IdentityAccessApiEndpointsTests`) via `WebApplicationFactory`: authorized issuance returns `201` + one-time token, participant validation returns `200` `AccessDecision`, forbidden-role issuance rejected, foreign-team validation denied, `join_tokens` cleaned between tests.
* **Coverage gate:** merged suite stays at/above the ADR-0005 threshold (`backend/scripts/cover-gate.sh`, historically \~95%); no `[ExcludeFromCodeCoverage]` on Domain/Application. Worth adding direct unit tests for `JoinTokenTokenService` (currently only covered indirectly).

## Out of Scope

* **No SignalR/WebSocket hub.** Real-time hub/group admission, reconnection, and multi-device sync are owned by `session-operations-service` + the mobile client. This slice only produces the gate (`JoinToken` + membership fact). HU-07B (reconnection) and HU-08 (sync) build on it.
* **No final session admission.** Validation returns access facts; it does not admit a participant to a `LiveSession`. The runtime join decision belongs to `SessionOperations`.
* **No join-token consumption endpoint.** `Consume()` / `JoinTokenConsumed` are defined and tested but not endpoint-wired here; consumption happens at admission (session-ops / HU-07B) and must stay available for reconnection.
* **No** `LiveSession`**/runtime** `Team` **modeling in Identity.** `LiveSessionId` stays an opaque correlation id; no FK, lookup, or validation against it.
* **No Keycloak adapter or login re-implementation.** The gateway authenticates; the service consumes trusted headers only.
* **No frontend/mobile join UI** beyond the contract the participant client will consume.

## Further Notes

* **Boundary posture (**`CONTEXT.md`**):** Identity returns `Access Facts` that *inform* admission but do not decide it. Keep language aligned — the validation result is not a ""join approval"" or ""session admission.""
* **Mandated pattern:** `Proxy` is required for `Identity`. Precedents: `UserRoleAssignmentAuthorizationProxy` (Application) and `AuthenticatedUserLoginProxy` (Api). The own-team-only rule (acceptance criterion 2) is realized through the guard, never an inline `if`.
* **ADR-0007** records the token generation/hashing decision (256-bit CSPRNG + deterministic SHA-256; HMAC-with-pepper as the documented upgrade path).
* **Status:** the backend slice is implemented across phases X.1–X.4 on `feature/hu-07a-participant-membership-validation` (decision-log entries \[021\]–\[022\]); X.4 API changes may be uncommitted at PRD time. This PRD documents the realized design for review/traceability against [DES-11](https://linear.app/desarrollo-equipo-12/issue/DES-11/hu-07a-validacion-de-membresia-del-participante-en-sesion).
* **Cross-context dependency:** the runtime `Team` in `session-operations-service` is assumed to carry the Identity reference-data `TeamId` as its origin so the two contexts correlate on membership validation — flag and confirm when HU-07B is scoped.","Backlog",,"High","fb419a0e-c700-4169-8801-21490db42f94","Umbral Proyecto Desarrollo - Equipo 12","samuelpl0888@gmail.com",,"Feature, ready-for-agent, svc:identity-access-service",,,,,"2026-06-02T20:06:08.901Z","2026-06-02T20:06:08.901Z",,,,,,,,"",,,,"02cfcdd9-bbac-47b7-b578-d0a7780bde71",57851,"DES-11","",
"DES-70","umbral-equipo-12","PRD - Primera implementación de session-operations-service (HU-15 a HU-36)","'> Bounded context: `SessionOperations` (`session-operations-service`)
> Local copy: `backend/docs/prd/DES-70-primera-implementacion-de-session-operations-service-hu-15-a-hu-36.md`
> Decisión de alcance de evidencia: ADR-0010 (`backend/docs/adr/0010-evidence-qr-only-first-delivery.md`), **en revisión 2026-06-16** (evidencia como umbral con formas QR y trivia)

## Problem Statement

El backlog ya define `HU-15` a `HU-36` para el bounded context `SessionOperations`, y el repositorio ya tiene parte del esqueleto técnico y algunos slices tempranos (`HU-07B`, `HU-16`), pero todavía no existe una especificación unificada que convierta ese alcance en una primera implementación coherente del servicio.

Desde la perspectiva del equipo, el riesgo no es solo “faltan endpoints”, sino mezclar tres responsabilidades que deben permanecer separadas:

* `MissionDesign` publica contenido fuente (`Mission`, `TriviaQuiz`) y facts de source readiness.
* `Identity` autentica actores y entrega access facts, pero no decide la admisión final ni el runtime de la sesión.
* `ScoringMonitoring` calcula puntaje, ranking y proyecciones derivadas, pero no controla la progresión viva.

Sin un PRD operativo para `session-operations-service`, existe riesgo de:

* modelar `LiveSession` como un contenedor genérico en lugar de un aggregate root con autoridad real sobre estado, tiempo, progresión y participación
* duplicar reglas entre sesiones de misión y trivia en lugar de unificarlas bajo `SessionState`, `SessionSource`, `JoinContext`, `SessionParticipant` y `Team`
* dejar ambiguo qué se persiste como copia fija de la source y qué se consulta como dependencia cross-context
* invadir responsabilidades de `ScoringMonitoring` o `Identity` con lógica que no pertenece a `SessionOperations`
* construir read models, hubs y endpoints sin una columna vertebral clara para creación, transición de estado, runtime y trazabilidad

## Solution

Implementar la primera entrega de `session-operations-service` como la realización del bounded context `SessionOperations` alrededor del aggregate root `LiveSession`, cubriendo el baseline de sesiones de misión y trivia desde su creación hasta su operación en vivo.

La solución debe consolidar un backbone común para ambos modos (`TreasureHunt` y `Trivia`) y luego especializar el runtime donde el dominio lo exige:

1. **Preparación de sesiones**
   * crear sesiones desde exactamente una `SessionSource`
   * capturar una copia fija de la source al momento de la creación
   * asociar equipos y operador responsable antes del inicio
2. **Control runtime común**
   * gobernar `SessionState` mediante transiciones válidas
   * mantener el temporizador autoritativo
   * exponer vistas operativas y de equipo en tiempo real
3. **Runtime de misión**
   * liberar pistas manualmente o por reglas de avance
   * aceptar, validar y trazar `EvidenceSubmission` (forma QR de búsqueda del tesoro)
   * validar la resolución de `Target` cuando una pista lo requiera
4. **Runtime de trivia**
   * automatizar rondas, activación y cierre de preguntas
   * aceptar solo la primera respuesta válida por equipo (forma de evidencia de trivia)
   * rechazar respuestas tardías o repetidas
   * revelar corrección y explicación después del cierre
   * restringir la visibilidad del operador antes del cierre

Esta primera implementación debe materializar los módulos profundos del contexto:

* `LiveSession` como aggregate root de autoridad runtime
* `SessionSource` como frontera explícita con `MissionDesign`
* `JoinContext` y `SessionParticipant` como estado de entrada y participación
* `Team` y `TeamMember` como runtime state por equipo
* snapshots inmutables de misión o trivia como base congelada de la sesión
* una capa de coordinación de aplicación tipo `Facade` para orquestar side effects y publication boundaries sin fugar esa complejidad a endpoints o handlers ad hoc

## User Stories

 1. Como Operador, quiero crear una `LiveSession` de misión solo desde una `Mission` activa, para iniciar una experiencia con contenido válido.
 2. Como Operador, quiero crear una `LiveSession` de trivia solo desde un `TriviaQuiz` publicado, para dejar lista una partida jugable.
 3. Como Operador, quiero que cada sesión se cree desde exactamente una `SessionSource`, para evitar configuraciones híbridas o inconsistentes.
 4. Como Operador, quiero que la sesión conserve una copia fija del contenido fuente, para que ediciones posteriores no alteren una sesión ya creada.
 5. Como Operador, quiero que la sesión recuerde qué source originó su contenido, para mantener trazabilidad entre authoring y runtime.
 6. Como Operador, quiero asignar equipos activos a una sesión programada, para preparar la competencia antes de iniciarla.
 7. Como Operador, quiero consultar qué equipos están asociados a una sesión, para validar que el setup esté completo.
 8. Como Operador, quiero que una sesión no pueda iniciar sin equipos asociados, para evitar sesiones vacías.
 9. Como Administrador, quiero asignar o cambiar el operador responsable de una sesión, para controlar quién puede administrarla.
10. Como Operador, quiero ver mis sesiones asignadas con su estado, source y equipos, para saber cuáles puedo operar.
11. Como Operador, quiero que el sistema me bloquee acciones sobre sesiones no autorizadas, para respetar la política operativa.
12. Como Operador, quiero mover una sesión entre `Scheduled`, `Preparing`, `Active`, `Paused`, `Finished` y `Cancelled`, para operarla según su etapa real.
13. Como Operador, quiero que el sistema rechace transiciones inválidas e informe el motivo, para no corromper el runtime.
14. Como Operador, quiero que cada cambio de estado quede registrado con actor, momento y contexto, para auditoría posterior.
15. Como Participante, quiero ver el tiempo restante de la sesión o pregunta activa, para organizar mi juego a tiempo.
16. Como Participante, quiero que el temporizador se congele al pausar y se recupere correctamente al reanudar o reconectar, para confiar en el tiempo mostrado.
17. Como Participante, quiero ver un tablero de mi equipo con puntaje, tiempo y contexto visible de progreso, para saber cómo vamos.
18. Como Participante, quiero que ese tablero se actualice sin recarga manual, para no depender de polling ni refrescos.
19. Como Operador, quiero ver en tiempo real el estado y progreso de la sesión, para reaccionar rápido durante la operación.
20. Como Operador, quiero monitorear eventos relevantes, evidencias y ranking visible según el modo, para supervisar la sesión desde una vista centralizada.
21. Como Administrador, quiero consultar sesiones y datos operativos en modo lectura, para revisar operación sin modificar el runtime.
22. Como Participante, quiero consultar el ranking y tablero que me corresponden, para revisar información permitida sin acceder a datos ajenos.
23. Como Operador, quiero liberar manualmente una `Clue` a un solo equipo, para destrabar o conducir su avance en una sesión de misión.
24. Como Operador, quiero que una pista liberada a un equipo no se libere automáticamente a otros, para mantener independencia de progreso.
25. Como Operador, quiero impedir la doble liberación de la misma pista al mismo equipo, para evitar inconsistencias.
26. Como Operador, quiero que algunas pistas se habiliten automáticamente por reglas de avance, para reducir intervención manual.
27. Como Operador, quiero agregar pistas operativas durante una sesión de misión activa o pausada, para adaptar la experiencia sin mutar la `Mission` original.
28. Como Participante, quiero enviar una `EvidenceSubmission` ligada a un nodo válido de misión, para registrar el avance de mi equipo.
29. Como Participante, quiero que el sistema bloquee envíos si la sesión no admite recepción, para evitar registros fuera de contexto.
30. Como Operador, quiero que el sistema valide sesión, equipo y nodo antes de aceptar una evidencia, para rechazar registros inconsistentes.
31. Como Operador, quiero que el rechazo de evidencia explique el motivo, para decidir con contexto y para que el cliente pueda comunicarlo.
32. Como Participante, quiero que el servidor valide el objetivo QR/token contra la `Clue` activa cuando la pista lo requiera, para que la resolución sea autoritativa.
33. Como Operador, quiero que cada evidencia conserve su estado de validación, origen y motivo de rechazo, para trazabilidad.
34. Como Operador, quiero revisar el detalle de evidencias por equipo y sesión, para auditar lo ocurrido.
35. Como Operador, quiero que una sesión de trivia avance automáticamente por rondas, para no controlar manualmente cada pregunta.
36. Como Participante, quiero que cualquier integrante autenticado del equipo pueda responder la pregunta activa, para compartir la ejecución del juego.
37. Como Participante, quiero que solo la primera respuesta válida dentro del tiempo quede registrada por equipo, para competir con reglas claras.
38. Como Participante, quiero que respuestas tardías o repetidas sean rechazadas, para mantener justicia en la trivia.
39. Como Participante, quiero ver si acertamos, cuál era la respuesta correcta y su explicación después del cierre, para entender el resultado.
40. Como Operador, quiero ver durante la pregunta activa únicamente quién respondió y quién no, para supervisar sin romper la equidad.
41. Como Operador, quiero revisar la respuesta, corrección y puntos después del cierre, para auditar la ronda con contexto completo.
42. Como `Identity`, quiero entregar access facts y dejar que `SessionOperations` tome la decisión final de admisión runtime, para respetar ownership entre bounded contexts.
43. Como `MissionDesign`, quiero que `SessionOperations` consuma snapshots y availability facts en lugar de mutar authoring data, para mantener la frontera con el runtime.
44. Como `ScoringMonitoring`, quiero recibir hechos runtime publicados por `SessionOperations`, para construir score, ranking y monitoring sin tomar control de la progresión.
45. Como equipo de desarrollo, quiero una primera implementación del servicio organizada por slices verificables y seams de prueba altos, para evolucionar el contexto sin ambigüedad estructural.

## Implementation Decisions

* `SessionOperations` se implementa alrededor de un único aggregate root principal: `LiveSession`. La autoridad runtime no se reparte entre endpoints, hubs ni proyecciones.
* `LiveSession` debe conservar `SessionMode`, `SessionState`, `SessionSource`, título snapshot, restricciones temporales, operador asignado y la colección runtime de `Team`, `SessionParticipant` y `JoinContext` necesarios para operar la sesión.
* La creación de sesión se divide en dos caminos de source (`Mission` activa y `TriviaQuiz` publicado), pero ambos convergen en un contrato común de `SessionSource` y en snapshots inmutables persistidos dentro del contexto.
* `HU-15`, `HU-16` y `HU-17` se resuelven como una familia coherente: creación desde una única source con enforcement por modo, no como endpoints independientes que puedan divergir.
* `MissionDesign` se consume solo por puertos de lectura y validación (`source readiness`, catálogos/detalles/snapshots). `SessionOperations` no edita misiones ni trivia quizzes.
* `Identity` entrega identidad autenticada, rol y access facts; la admisión final, late join, reconnect y restricciones de participación siguen siendo propiedad de `SessionOperations`.
* `Team` dentro de `SessionOperations` es runtime state. Debe correlacionar con el `TeamId` de referencia de `Identity`, pero no reutiliza el aggregate de Identity ni hereda su ownership.
* Las transiciones de `SessionState` deben implementarse con el patrón `State` y validadores encadenados donde la matriz lo exige. No se permiten mutaciones libres de estado dispersas por handlers.
* La coordinación de casos de uso complejos debe hacerse mediante `Facade` en Application. Ejemplos: creación de sesión, orquestación de trivia por rondas, cierre automático y publicación de hechos runtime.
* Las vistas protegidas y acciones restringidas deben pasar por `Proxy`/guards de autorización y policy-awareness antes de exponer datos o mutar runtime.
* El temporizador autoritativo pertenece a `SessionOperations`. El tiempo mostrado por participantes u operadores deriva del runtime del servicio, no del cliente.
* *Evidencia* es el término genérico (umbral `EvidenceSubmission`) para una entrega de equipo que prueba o resuelve progreso en la subetapa activa de la misión. La evidencia tiene exactamente dos formas concretas, cada una con su tipo, validación y eventos propios: el escaneo QR de búsqueda del tesoro (`TreasureEvidenceSubmission` + `Target` + `TargetResolution`) y la respuesta de trivia (`TriviaAnswerSubmission`); ver ADR-0010 (en revisión). El intake genérico (`HU-29`) y la validación de contexto (`HU-30A`) son el contrato común del umbral, compartido por ambas formas. La progresión de misión distingue la liberación de pistas del intake/validación de evidencia y de la resolución de `Target` QR/token, manteniéndolos separados pero coordinados sobre el mismo backbone runtime `MissionNode`.
* La progresión de trivia distingue activación/cierre de pregunta, aceptación de primera respuesta (evidencia de trivia), rechazo de tardías/repetidas, revelación posterior al cierre y monitoreo restringido del operador.
* `ScoringMonitoring` no decide qué puede pasar en la sesión ni cuándo. `SessionOperations` publica facts consumibles por scoring y monitoring, pero conserva ownership sobre progresión, estado y admisión.
* Los contratos cross-context prioritarios son:
  * entrada desde `MissionDesign`: source detail/snapshot + source readiness
  * entrada desde `Identity`: identidad autenticada, rol, membership/access facts
  * salida hacia `ScoringMonitoring`: hechos runtime y outcomes suficientes para score/ranking/audit projections
* Los endpoints y hubs deben permanecer delgados: solo traducen transporte, delegan a MediatR/facades y emiten respuestas o pushes derivados del estado autorizado.
* Las consultas operativas (`HU-20`, `HU-23`, `HU-24`, `HU-25`, `HU-32`, `HU-36`) se diseñan como read surfaces separadas de comandos, alineadas con el enfoque CQRS ya documentado.
* La primera entrega del servicio se ordena por espina funcional:
  1. creación desde source y snapshots (`HU-15` a `HU-17`)
  2. asociación de equipos y operador (`HU-18` a `HU-20`)
  3. lifecycle y temporizador (`HU-21` a `HU-22`)
  4. read models en vivo (`HU-23` a `HU-25`)
  5. runtime de misión (`HU-26` a `HU-32`; el intake/validación común de evidencia es `HU-29`/`HU-30A` y su forma QR de búsqueda del tesoro es `HU-31`, ver ADR-0010 en revisión)
  6. runtime de trivia (`HU-33` a `HU-36`; la respuesta de trivia es la forma de evidencia de trivia, `HU-34A`/`HU-34B`)
* Se mantiene la distinción entre slices puramente `session-operations-service` y slices con dependencia cross-service, pero el PRD sigue siendo único porque todos dependen del mismo backbone `LiveSession`.

## Testing Decisions

* Una buena prueba debe validar comportamiento observable del servicio: decisiones de admisión/runtime, transiciones permitidas, snapshots persistidos, responses/ProblemDetails, eventos publicados y vistas en tiempo real visibles al actor correcto. No debe acoplarse a detalles internos ni a secuencias privadas de implementación.
* Los seams de prueba preferidos son los más altos posibles:
  * pruebas de dominio para invariantes de `LiveSession`, `Team`, `JoinContext`, timers y aceptación/rechazo de `EvidenceSubmission`
  * pruebas de aplicación para handlers/facades que coordinan repositorios, policies, puertos cross-service y publication boundaries
  * pruebas de integración para persistencia de snapshots, repositorios y contratos HTTP internos
  * pruebas de API/Hub para endpoints y tiempo real expuestos a operador/participante
* Los módulos que deben tener cobertura dedicada incluyen:
  * creación de sesión desde source de misión y trivia
  * asociación de equipos y operador
  * transiciones de `SessionState`
  * temporizador autoritativo
  * liberación de pistas y reglas de avance
  * registro de `EvidenceSubmission`, validación y rechazo (formas QR y trivia); validación de `Target` QR
  * orquestación de trivia, primera respuesta válida y rechazo de tardías/repetidas
  * reveal post-cierre y monitoreo restringido
* Las pruebas deben reutilizar el prior art ya presente en el repo:
  * tests de dominio del aggregate `LiveSession` y value objects en `session-operations-service`
  * integration tests de repositorio y API en `session-operations-service/tests/IntegrationTests`
  * patrones de puertos HTTP internos ya establecidos por `ParticipantMembershipAccessClient`
  * precedentes de snapshots y validators ya usados por `mission-design-service` e `identity-access-service`
* Para tiempo real, una buena prueba verifica qué actor recibe qué actualización y en qué estado, no la implementación particular del hub.
* Para contratos cross-service, una buena prueba verifica que `SessionOperations` degrade correctamente cuando la source no está disponible o no está ready, y que no acepte facts incompatibles con su propio runtime.
* El gate final debe mantener la cobertura agregada exigida por ADR-0005 y evitar exclusiones artificiales en Domain/Application.

## Out of Scope

* Cálculo de puntaje, ranking, penalizaciones y proyecciones derivadas como ownership principal de `ScoringMonitoring` (`HU-37` en adelante).
* Gestión de usuarios, autenticación OIDC, emisión de credenciales y ownership de membresía como responsabilidades de `Identity`.
* Authoring, publicación, archivado, duplicación o edición de `Mission` y `TriviaQuiz` como responsabilidades de `MissionDesign`.
* Sesiones híbridas o combinaciones de `Mission` + `TriviaQuiz` en una misma `LiveSession`.
* Modos de evidencia distintos de las dos formas vigentes: la evidencia tiene exactamente dos formas concretas bajo el umbral `EvidenceSubmission` — QR de búsqueda del tesoro (`TreasureEvidenceSubmission` + `Target` + `TargetResolution`) y respuesta de trivia (`TriviaAnswerSubmission`). No hay modos adicionales en el canon actual (ver ADR-0010, en revisión).
* El camino de revisión mediada por operador de evidencia (`EvidenceReviewQueueProjection`, `reviewedByUserId`/`reviewedAt`, `EvidenceAcceptancePolicy`, RF-09/RF-18): ambas formas de evidencia son auto-resueltas por el sistema (coincidencia automática de objetivo QR; corrección automática de trivia tras el cierre), por lo que la revisión humana de evidencia queda fuera de alcance (ver ADR-0010, en revisión).
* Generalizar el runtime a un motor arbitrario de workflow configurable fuera de los modos `TreasureHunt` y `Trivia`.
* Resolver en este PRD detalles de backlog fuera de `HU-15` a `HU-36`, aunque existan dependencias funcionales con `HU-07`, `HU-11` a `HU-14` o `HU-37` a `HU-40`.

## Further Notes

* Este PRD usa como canon el `SessionOperations` `CONTEXT.md`, `ddd_solution_model.md`, `umbral_user_stories.md`, el backlog de Linear y la separación explícita entre progresión runtime y scoring derivado.
* `HU-16` ya está implementada y marcada `Done` en Linear al 2026-06-03; esta PRD la absorbe como parte de la baseline del servicio y deja explícito el resto de la espina que debe completarse.
* Decisión de alcance 2026-06-15, actualizada 2026-06-16 (ADR-0010, en revisión): *evidencia* es el término genérico (umbral `EvidenceSubmission`) para una entrega de equipo que prueba o resuelve progreso en la subetapa activa de la misión. En subetapas de búsqueda del tesoro, la evidencia es el escaneo QR/token; en subetapas de trivia, la evidencia es la respuesta del equipo a la pregunta activa. La evidencia tiene exactamente dos formas concretas: el QR de búsqueda del tesoro (`TreasureEvidenceSubmission`, `HU-31`; flujo de dos hechos ordenados `EvidenceSubmissionRegistered` → `TargetResolved`, descartando el evento único `QrTargetResolved`) y la respuesta de trivia (`TriviaAnswerSubmission`, `HU-34A`/`HU-34B`, con su propio evento `AnswerRegistered`). `HU-29` (intake genérico) y `HU-30A` (validación de contexto) se reabren como el contrato común del umbral, compartido por ambas formas; sus tickets `DES-39`/`DES-40` vuelven a Backlog. La revisión mediada por operador de `HU-32` queda fuera de alcance, no descartada, porque ambas formas vigentes son auto-resueltas por el sistema; la trazabilidad/auditoría sí se entrega. Esta redacción reemplaza la previa que trataba QR como el único modo de evidencia y las respuestas de trivia como un sibling no-evidencia.
* La frontera más sensible del servicio es la de ownership: `SessionOperations` decide qué puede pasar y cuándo dentro de una sesión viva. Cualquier integración con otros bounded contexts debe preservar esa autoridad.
* La PRD debe servir como referencia única para futuras slices del servicio y para generar trabajo derivado sin volver a reconstruir el modelo base de `LiveSession` en cada HU.","Backlog",,"High","fb419a0e-c700-4169-8801-21490db42f94","Umbral Proyecto Desarrollo - Equipo 12","samuelpl0888@gmail.com",,"canon-realign, ready-for-agent, svc:session-operations-service",,,,,"2026-06-04T00:21:26.134Z","2026-06-17T02:17:40.954Z",,,,,,,,"",,,,"dc42ba9d-a11a-448c-94ef-7768d308a034",56155,"DES-42, DES-40, DES-39","",
"DES-85","umbral-equipo-12","PRD - Primera implementacion de scoring-monitoring-service (HU-37 a HU-40)","## Problem Statement

The backlog already defines `HU-37` to `HU-40` for the `ScoringMonitoring` bounded context, but the repository still lacks one local, service-scoped PRD that turns those stories into a coherent first implementation plan for `scoring-monitoring-service`.

Without that PRD, there is a high risk of building scoring behavior in the wrong bounded context, especially by leaking score calculation, ranking derivation, penalty ownership, or audit-history concerns into `SessionOperations`. There is also a risk of treating score totals and rankings as mutable operational state instead of derived views backed by a traceable `ScoreEntry` ledger.

The current repo state makes that risk concrete:

* `ScoringMonitoring` is already defined in canon as the owner of `ScoreEntry`, `Penalty`, `Ranking`, `AuditHistory`, and monitoring projections.
* `session-operations-service` is now publishing runtime facts such as trivia question close and final session-result events, but it does not own score calculation or ranking derivation.
* `scoring-monitoring-service` is still effectively skeletal, so the team needs one reference document that defines what this bounded context will own, which slices should land first, and how it must consume upstream runtime facts without taking runtime authority.

## Solution

Implement the first delivery of `scoring-monitoring-service` as the realization of the `ScoringMonitoring` bounded context around an append-only `ScoreEntry` ledger, justified `Penalty` application, derived `Ranking`, business-readable `AuditHistory`, and monitoring-oriented projections.

The service should treat runtime facts from `SessionOperations` as inputs and derive secondary scoring and monitoring views from them without owning session progression, participant admission, clue release, or evidence acceptance. The first implementation covers:

1. Score traceability foundation
   * record immutable `ScoreEntry` facts for accepted runtime outcomes and scoring adjustments
   * preserve origin traceability through `sourceEntityType` and `sourceEntityId`
   * keep accumulated score explainable from the ledger at all times
2. Penalty handling
   * allow justified operator-applied `Penalty` records with explicit `PenaltyReason`
   * apply deductions through the same traceable scoring model rather than a separate mutable total
3. Ranking derivation
   * derive one session `Ranking` from ledger facts
   * order by descending total score and use `ResolutionTime` as the tie-break criterion
   * refresh rankings after score-affecting events and expose real-time ranking snapshots
4. Audit and monitoring projections
   * maintain `AuditHistory` and supervision-oriented read models from consumed runtime and scoring facts
   * expose read surfaces for score history, ranking snapshots, audit review, and operator monitoring
5. Cross-context integration
   * consume completed runtime facts from `SessionOperations` through documented integration contracts
   * publish scoring-side facts only when other deployables genuinely need them

This implementation is organized around the deep modules already defined for the context:

* `ScoreEntry` as the immutable scoring ledger root
* `Penalty` as the justified deduction fact linked to the ledger
* `Ranking` as a derived ordered competition view per `LiveSession`
* `AuditHistory` as the business-readable chronological trace of relevant runtime and scoring facts
* `ScorePolicy`, `RankingPolicy`, and `PenaltyPolicy` as explicit domain policies
* strategy-based scoring and ranking behavior, rather than handler-level branching

## User Stories

 1. As an Operator, I want every change to a team's score to be recorded as a `ScoreEntry`, so the accumulated score is always explainable.
 2. As an Operator, I want score changes caused by accepted treasure-hunt outcomes to produce traceable ledger facts, so mission scoring has business origin traceability.
 3. As an Operator, I want score changes caused by accepted trivia outcomes to produce traceable ledger facts, so trivia scoring has business origin traceability.
 4. As the system, I want score-affecting runtime facts to be consumed from `SessionOperations`, so scoring derives from completed business events instead of duplicating runtime rules.
 5. As an Operator, I want the ledger to preserve the origin type and origin id of each scoring fact, so I can explain why points changed.
 6. As an Operator, I want score records to be append-only, so traceability is preserved and totals are never opaque.
 7. As an Operator, I want the team total score to be derived from ledger entries, so recalculation is deterministic.
 8. As an Operator, I want the scoring service to handle grants, deductions, and corrections through one coherent model, so totals stay auditable.
 9. As an Operator, I want to apply a justified `Penalty` to a team in a session I am authorized to supervise, so rule breaches can affect the score.
10. As an Operator, I want every penalty to require a `PenaltyReason`, so no deduction is left unexplained.
11. As an Operator, I want every penalty to record who applied it and when, so later review is possible.
12. As an Operator, I want a penalty to impact the team's score through the same ledger used for positive scoring, so deductions are not a special hidden total.
13. As an Operator, I want penalty eligibility checked before a deduction is recorded, so invalid penalties are rejected.
14. As an Administrator, I want to review penalty history without mutating it, so governance and audit are possible.
15. As a Participant, I want the ranking of my team within the session to be derived from the real score facts, so the competition view is trustworthy.
16. As an Operator, I want session ranking ordered from highest to lowest score, so the competition standing is clear.
17. As an Operator, I want score ties resolved using `ResolutionTime`, so the tie-break rule is explicit and consistent.
18. As an Operator, I want ranking recalculated after every score-affecting fact, so live supervision reflects the current competition state.
19. As a Participant, I want updated ranking delivered during live play, so I can track competitive position.
20. As an Operator, I want ranking snapshots for a live session, so supervision has an ordered competition view across the mission's substages, whatever their play mode.
21. As an Operator, I want monitoring projections to consolidate live score, ranking, and relevant scoring-side outcomes, so I can supervise from one read surface.
22. As an Operator, I want the monitoring view to stay derived from canonical scoring facts, so it never becomes an independent source of truth.
23. As an Operator, I want a business-readable `AuditHistory` for a session, so score changes, penalties, and relevant events can be reconstructed chronologically.
24. As an Administrator, I want audit history for completed or cancelled sessions to remain queryable, so post-session review is possible.
25. As an Operator, I want score history for one team in one session, so I can explain the team's current total.
26. As an Operator, I want audit and monitoring reads separated from mutation commands, so CQRS remains explicit.
27. As `SessionOperations`, I want `ScoringMonitoring` to consume runtime facts without taking over progression authority, so the bounded-context boundary stays intact.
28. As `SessionOperations`, I want scoring to derive from completed facts like accepted evidence, closed trivia rounds, penalties, and finalized results, so runtime services do not compute rankings themselves.
29. As the development team, I want scoring variation implemented through `Strategy`, so mode-specific scoring and tie-break rules do not become handler-level branching.
30. As the development team, I want penalty access guarded at the application boundary, so unauthorized operators cannot mutate scoring data.
31. As the development team, I want the first implementation split into verifiable slices, so the service can grow from the ledger foundation toward ranking and audit views safely.
32. As the development team, I want the first scoring slice to establish the ledger before richer ranking and history surfaces, so downstream slices share one canonical source.
33. As the development team, I want the scoring service to remain a supporting bounded context, so it never becomes a hidden owner of live session behavior.

## Implementation Decisions

* `ScoringMonitoring` is implemented around two main aggregate roots: `ScoreEntry` and `Penalty`. `Ranking`, `AuditHistory`, and monitoring dashboards are owned derived models, not runtime-authority aggregates.
* `ScoreEntry` is the immutable scoring ledger. Totals, rankings, and score history are always derived from it.
* `Penalty` is a justified scoring fact linked to the ledger, not a side table that mutates totals outside the scoring model.
* `Ranking` belongs to exactly one `LiveSession` and is derived from many `ScoreEntry` records.
* Ranking ordering is descending by total score; when totals tie, lower comparable `ResolutionTime` ranks first; equal or non-comparable resolution times may share rank.
* `ScoreValue`, `PenaltyReason`, and `ResolutionTime` stay explicit value objects in the bounded context vocabulary.
* The required `Strategy` pattern is mandatory here for `ScorePolicy`, `RankingPolicy`, and mode-specific scoring variation. Difficulty weighting, normalization, and tie-break logic must not be spread across handlers through conditionals.
* `PenaltyPolicy` validates whether a penalty may be applied and what justification is required before a ledger deduction is persisted.
* `ScoringMonitoring` consumes completed runtime facts from `SessionOperations`; it does not own clue release, evidence acceptance, participant admission, or session progression.
* Cross-context inputs include accepted evidence outcomes, trivia answer outcomes, question-close/final-results facts, session-state events relevant to monitoring, and operator identity facts required for authorized penalties.
* Cross-context outputs are limited to scoring-side business facts and projections that other deployables genuinely need; this service should not publish noisy internal recalculation chatter.
* The first delivery should align with the existing HU split:
  * `HU-37`: establish the `ScoreEntry` ledger from validations, answers, and penalties
  * `HU-38`: operator-applied justified penalties
  * `HU-39`: derive the session `Ranking` from the ledger, refresh it after every score-affecting fact, and expose the real-time ranking view
  * `HU-40A` / `HU-40B`: audit history plus score/ranking historical review
* Read surfaces stay CQRS-separated: ranking snapshots, score history, monitoring dashboards, and audit history are query-side concerns, not mutation handlers.
* Monitoring projections and `AuditHistory` are derived views owned by `ScoringMonitoring`; they do not replace `SessionOperations` as the authority on what happened during runtime.
* The first service delivery follows one functional backbone:
  1. immutable score ledger foundation
  2. justified penalty registration
  3. ranking recalculation and ranking snapshots
  4. monitoring projections and audit-history refresh

## Testing Decisions

* Good tests verify external behavior: which score entries are recorded, whether invalid penalties are rejected, how ranking order is produced, whether tie-break rules are honored, and what read models are exposed to authorized actors.
* Preferred seams are the highest useful seams:
  * domain tests for `ScoreEntry`, `Penalty`, `ScoreValue`, `PenaltyReason`, `ResolutionTime`, and scoring/ranking policies
  * application tests for commands and queries such as `RecordScoreEntry`, `ApplyPenalty`, `RecalculateRanking`, `GetRankingSnapshot`, and `GetAuditHistory`
  * integration tests for repository persistence, projection refresh, and consumed/published integration contracts
  * API tests for ranking, score-history, penalty, and audit endpoints
* Dedicated coverage is expected for:
  * append-only `ScoreEntry` behavior
  * source traceability through `sourceEntityType` and `sourceEntityId`
  * penalty justification requirements and operator restrictions
  * score derivation from accepted treasure-hunt and trivia facts
  * ranking recalculation after score-affecting events
  * `ResolutionTime` tie-break behavior
  * real-time ranking publication paths
  * audit-history refresh from runtime and scoring facts
  * separation between runtime authority and derived scoring views
* Prior art to reuse:
  * repository and integration-test patterns already present in `session-operations-service`, `mission-design-service`, and `identity-access-service`
  * event-publication and integration-boundary patterns already established around the runtime services
  * existing CQRS handler and validator test style used across the backend services

## Out of Scope

* Owning session progression, participant admission, clue release, evidence acceptance, or any other runtime-authority rule that belongs to `SessionOperations`.
* Editing mission content, trivia content, or mission readiness rules owned by `MissionDesign`.
* Re-implementing authentication or role provisioning owned by `Identity` and the gateway.
* Replacing the operator or participant UI itself; this PRD is for the backend bounded context and its contracts.
* Inventing a mutable session score total outside the `ScoreEntry` ledger.
* Computing rankings inside `session-operations-service` instead of deriving them here.

## Further Notes

* This bounded context is the canonical owner of scoring, ranking, and monitoring views. The service must stay strict about that boundary, especially now that `SessionOperations` emits runtime facts that scoring is expected to consume.
* The implementation order matters: the score ledger (`HU-37`) is the foundation for ranking derivation, refresh, and the real-time ranking view (`HU-39`), and later audit-history review (`HU-40A` / `HU-40B`).
* `HU-38`, `HU-40A`, and parts of operator monitoring cross the service boundary with `SessionOperations`, but ownership of scoring traceability, ranking derivation, and scoring-side audit projections remains in `ScoringMonitoring`.
* The local markdown copy for this PRD is stored under `backend/docs/prd/` using the `DES-85` identifier.","Backlog",,"No priority","fb419a0e-c700-4169-8801-21490db42f94","Umbral Proyecto Desarrollo - Equipo 12","samuelpl0888@gmail.com",,"ready-for-agent, svc:scoring-monitoring-service",,,,,"2026-07-09T15:39:10.361Z","2026-07-12T10:12:10.276Z",,,,,,,,"",,,,"251d3ab3-d1cb-49fc-bd5a-fed3bf89c3c0",4838,"DES-51, DES-53, DES-86","",
"DES-62","umbral-equipo-12","PRD - Primera implementación de MissionDesign service (HU-09 a HU-14)","## Problem Statement

El equipo ya cuenta con la documentación macro del dominio, el `Context Map`, la estructura base de Clean Architecture por servicio y el backlog refinado en Linear, pero todavía no existe una especificación de producto y de implementación para aterrizar la primera entrega del bounded context `MissionDesign` en un conjunto ejecutable de slices.

Desde la perspectiva del equipo, el problema no es descubrir el dominio desde cero, sino convertir la definición existente de `Mission`, `MissionNode`, `TriviaQuiz`, `TriviaQuestion`, `TriviaOption`, `MissionActivation` y source readiness en una primera implementación concreta, ordenada y verificable que respete las reglas de negocio de `HU-09` a `HU-14`.

Sin un PRD operativo para esta primera implementación, existe riesgo de:

* empezar por carpetas o capas en lugar de empezar por vertical slices
* mezclar reglas de autoría con reglas de runtime de `SessionOperations`
* modelar estructuras incompletas o ambiguas para misiones y trivia
* retrasar la construcción por falta de una secuencia clara entre dominio, aplicación, persistencia y pruebas

## Solution

Implementar la primera entrega de `mission-design-service` como una secuencia explícita de vertical slices alineados con el backlog y con las reglas del dominio ya documentado.

La solución cubre los casos `HU-09` a `HU-14` en este orden:

1. `HU-09` gestión de misiones
2. `HU-10A` estructura jerárquica de misiones
3. `HU-10B` validaciones estructurales de misión
4. `HU-11` creación y edición de quizzes de trivia
5. `HU-14A` gestión de preguntas y opciones de trivia
6. `HU-14B` reglas de validación de preguntas de trivia
7. `HU-12` publicación y archivado de quizzes de trivia
8. `HU-13` duplicación y retiro de quizzes usados

La implementación debe comenzar por el núcleo de dominio de `Mission` y luego avanzar hacia el núcleo de `TriviaQuiz`, manteniendo la separación entre:

* borradores de autoría
* reglas de validez estructural
* reglas de source readiness para uso en sesiones en vivo

La entrega debe producir módulos profundos y estables alrededor de:

* `Mission` como aggregate root de authoring de misiones
* `MissionStructurePolicy` para invariantes de jerarquía
* `MissionActivationPolicy` para readiness de misión
* `TriviaQuiz` como aggregate root de authoring de trivia
* `TriviaPublicationPolicy` para jugabilidad y publicación

## User Stories

 1. Como Administrador, quiero crear una `Mission` con datos básicos, para mantener disponible el contenido base de sesiones de misión.
 2. Como Administrador, quiero consultar el catálogo de `Mission`, para identificar cuáles están activas, desactivadas o listas para uso futuro.
 3. Como Administrador, quiero editar una `Mission` existente, para corregir briefing, dificultad o tiempo máximo sin recrearla.
 4. Como Administrador, quiero desactivar una `Mission` sin eliminarla, para impedir nuevas sesiones y conservar trazabilidad histórica.
 5. Como Administrador, quiero que una `Mission` desactivada no pueda ser considerada source-ready, para evitar sesiones nuevas sobre contenido retirado.
 6. Como Administrador, quiero modelar la estructura de una `Mission` con `Stage`, `Substage` y `Clue`, para representar el recorrido de la experiencia.
 7. Como Administrador, quiero agregar `MissionNode` en una jerarquía acotada, para que la estructura responda al lenguaje del dominio y no a un workflow genérico.
 8. Como Administrador, quiero que cada `Stage` tenga `Substage`, para que la misión no quede estructuralmente incompleta para uso en vivo.
 9. Como Administrador, quiero que una `Substage` pueda contener `Clue`, para preparar el avance jugable que verá el equipo participante.
10. Como Administrador, quiero que una `Clue` no pueda contener nodos hijos, para preservar la jerarquía permitida.
11. Como Administrador, quiero que el sistema rechace una `Clue` directa debajo de `Stage`, para evitar combinaciones inválidas.
12. Como Administrador, quiero que el sistema rechace una `Substage` debajo de otra `Substage`, para mantener la profundidad máxima comprometida.
13. Como Administrador, quiero recibir un rechazo explícito cuando la estructura propuesta sea inválida, para corregir el contenido sin ambigüedad.
14. Como Administrador, quiero crear un `TriviaQuiz`, para preparar contenido del modo `Trivia` antes de su publicación.
15. Como Administrador, quiero editar un `TriviaQuiz` mientras su estado lo permita, para iterar sobre su contenido antes de usarlo en vivo.
16. Como Administrador, quiero conservar juntas la información básica del `TriviaQuiz` y sus `TriviaQuestion`, para revisar el contenido completo antes de publicarlo.
17. Como Administrador, quiero agregar `TriviaQuestion` a un `TriviaQuiz`, para dejarlo listo para jugar.
18. Como Administrador, quiero registrar entre 2 y 4 `TriviaOption` por pregunta, para mantener la jugabilidad prevista por el backlog.
19. Como Administrador, quiero definir exactamente una opción correcta por pregunta, para que la resolución del juego sea inequívoca.
20. Como Administrador, quiero registrar puntaje y temporizador por pregunta dentro del rango permitido, para que cada pregunta sea jugable y comparable.
21. Como Administrador, quiero guardar una explicación opcional por pregunta, para que pueda mostrarse después del cierre de la ronda.
22. Como Administrador, quiero que el sistema rechace preguntas con reglas inválidas de opciones, puntaje o tiempo, para no publicar contenido defectuoso.
23. Como Administrador, quiero publicar solo `TriviaQuiz` válidos, para que `SessionOperations` use únicamente `SessionSource` jugables.
24. Como Administrador, quiero archivar un `TriviaQuiz`, para retirarlo de nuevas sesiones sin perder su referencia histórica.
25. Como Administrador, quiero que un `TriviaQuiz` en borrador o archivado no pueda ser usado en nuevas sesiones, para mantener control sobre la source readiness.
26. Como Administrador, quiero duplicar un `TriviaQuiz` usado, para reutilizar su estructura sin alterar su historial original.
27. Como Administrador, quiero impedir el borrado destructivo de quizzes usados en sesiones, para conservar trazabilidad académica y operativa.
28. Como Administrador, quiero consultar el detalle de una `Mission` o `TriviaQuiz`, para revisar su estado de authoring antes de activación o publicación.
29. Como `SessionOperations`, quiero consumir facts de source readiness en lugar de mutar contenido de `MissionDesign`, para respetar ownership entre bounded contexts.
30. Como equipo de desarrollo, quiero implementar `MissionDesign` por vertical slices con pruebas de dominio y de aplicación, para reducir ambigüedad y asegurar avance incremental.

## Implementation Decisions

* La primera implementación de `MissionDesign` se hará por vertical slices orientados al backlog, no por carpetas completas ni por una carga masiva de todo el `Domain`.
* El orden oficial de entrega será `HU-09`, `HU-10A`, `HU-10B`, `HU-11`, `HU-14A`, `HU-14B`, `HU-12`, `HU-13`, siguiendo también la dependencia observada en el backlog derivado `DES-14`, `DES-15`, `DES-16`, `DES-17`, `DES-20`, `DES-21`, `DES-18`, `DES-19`.
* `MissionDesign` mantendrá dos aggregate roots: `Mission` y `TriviaQuiz`. Sus child entities serán `MissionNode`, `TriviaQuestion` y `TriviaOption`. `Target` queda reconocido como parte del bounded context, pero no es necesario para esta primera implementación.
* `Mission` encapsulará authoring de datos básicos, estructura y estado de activación. `TriviaQuiz` encapsulará authoring de preguntas, opciones y ciclo de vida de publicación.
* Se separarán explícitamente las reglas de borrador de authoring de las reglas de source readiness. Un contenido puede existir en estado de borrador aun cuando todavía no sea activable o publicable.
* `MissionActivation` se tratará como estado de readiness de `Mission`, no como concepto de runtime. La autoridad para crear `LiveSession` seguirá perteneciendo a `SessionOperations`.
* `MissionStructurePolicy` se extraerá como módulo profundo para encapsular las invariantes de jerarquía de `MissionNode`. Debe ofrecer una interfaz simple para validar relaciones padre-hijo y una regla agregada de completitud estructural previa a la activación.
* `MissionActivationPolicy` se extraerá como módulo profundo para decidir si una `Mission` está lista para uso en vivo, usando estructura válida, estado de activación y cualquier completitud mínima definida por el dominio.
* `TriviaPublicationPolicy` se extraerá como módulo profundo para decidir si un `TriviaQuiz` es publicable, en vez de dispersar esa lógica entre handlers, validadores o infraestructura.
* Los value objects mínimos de la primera implementación serán `Difficulty`, `MaximumTime`, y en el lado de trivia `QuestionTimer` y un value object o regla explícita para score de pregunta cuando el rango permitido se materialice.
* La jerarquía permitida de `MissionNode` quedará limitada a `Stage -> Substage -> Clue`. No se permitirá `Clue` directamente bajo `Stage`, ni `Substage` bajo `Substage`, ni hijos bajo `Clue`.
* La regla “cada `Stage` debe contener al menos una `Substage`” se tratará como criterio de activación/readiness. Esto permite borradores incompletos durante authoring sin bloquear la edición incremental.
* La edición de `TriviaQuiz` estará permitida solo mientras su estado lo permita. Para esta primera implementación, el flujo mínimo requerido es `Draft`, `Published`, `Archived`, con restricciones de edición consistentes con publicación y archivado.
* Cada `TriviaQuestion` deberá cumplir entre 2 y 4 `TriviaOption`, exactamente una correcta, score válido y `QuestionTimer` dentro de rango permitido antes de considerarse jugable.
* La explicación de una `TriviaQuestion` será opcional y persistida como parte del contenido de authoring, sin impacto en la validez de publicación salvo presencia/ausencia.
* Se modelarán domain events solo para business facts ya soportados por comportamiento del aggregate. En esta primera implementación se priorizan: `MissionCreated`, `MissionDetailsUpdated`, `MissionNodeAdded`, `MissionNodeUpdated`, `MissionNodeRemoved`, `MissionStructureChanged`, `MissionDeactivated`, `TriviaQuizCreated`, `TriviaQuizDetailsUpdated`, `TriviaQuestionAdded`, `TriviaQuestionUpdated`, `TriviaQuestionRemoved`, `TriviaQuizPublished`, `TriviaQuizArchived`.
* Las interfaces de aplicación mínimas deberán cubrir comandos y queries alineados con el DDD solution model: `CreateMission`, `UpdateMission`, `DeactivateMission`, `AddMissionNode`, `UpdateMissionNode`, `RemoveMissionNode`, `GetMissionCatalog`, `GetMissionDetail`, `CreateTriviaQuiz`, `UpdateTriviaQuiz`, `AddTriviaQuestion`, `UpdateTriviaQuestion`, `RemoveTriviaQuestion`, `PublishTriviaQuiz`, `ArchiveTriviaQuiz`, `GetTriviaCatalog`, `GetTriviaDetail`, y posteriormente duplicación de quiz.
* Los repositories se definirán alrededor de aggregate roots y read models: `IMissionRepository`, `ITriviaQuizRepository`, `IMissionReadModelRepository`, `ITriviaQuizReadModelRepository`.
* La infraestructura de persistencia debe permanecer local al servicio y no compartir modelos internos con otros bounded contexts. `SessionOperations` consumirá únicamente snapshots o facts expuestos por contratos de `MissionDesign`.
* La API del servicio debe exponer operaciones de authoring y consulta para `Mission` y `TriviaQuiz`, pero no decisiones de runtime, scoring ni session control.
* `HU-13` se implementará después de publicación y archivado. Duplicar un `TriviaQuiz` debe crear una nueva identidad en borrador, preservando la trazabilidad del quiz original y evitando delete destructivo sobre quizzes ya usados.

## Testing Decisions

* Una buena prueba validará comportamiento observable del dominio y de la aplicación, no detalles internos de implementación ni estructura de carpetas.
* Las pruebas de dominio serán la primera prioridad y cubrirán invariantes, transitions y rechazo de estructuras inválidas antes de introducir complejidad de persistencia o API.
* `Mission` deberá tener pruebas para creación, edición básica, desactivación, source readiness y restricciones relacionadas con activación.
* `MissionStructurePolicy` deberá tener pruebas aisladas para combinaciones válidas e inválidas entre `Stage`, `Substage` y `Clue`, incluyendo la regla de completitud mínima por `Stage`.
* `TriviaQuiz` deberá tener pruebas para creación, edición permitida, publicación, archivado y duplicación.
* `TriviaPublicationPolicy` deberá tener pruebas aisladas para publishable y non-publishable quizzes.
* `TriviaQuestion` y `TriviaOption` deberán tener pruebas para cardinalidad de opciones, unicidad de respuesta correcta, score válido y timer válido.
* Los handlers de aplicación deberán probar orquestación, uso correcto de repositories y políticas, y publicación de business facts cuando corresponda.
* Las pruebas de integración del servicio deberán cubrir al menos persistencia de aggregates y lectura coherente de catálogos/detalles, sin depender aún de flujos cross-service.
* El estándar de calidad seguirá la guía del repositorio: priorizar riesgos de negocio, mantener pruebas rápidas en `Domain`, validar handlers por comportamiento y no sobreprobar controladores triviales.
* No existe prior art ejecutable suficiente dentro del servicio todavía; por tanto, esta implementación establecerá el patrón de referencia para pruebas de bounded context en el backend.

## Out of Scope

* Creación de `LiveSession` o cualquier runtime authority de `SessionOperations`.
* Flujos de participación, join, reconexión, liberación de pistas, evidencia, QR o progreso en vivo.
* Cálculo de score, ranking, penalizaciones, monitoring o audit history.
* Publicación de eventos a RabbitMQ como integración cross-service; en esta etapa solo se requiere dejar listos los domain events internos necesarios.
* Read models operativos avanzados, dashboards o proyecciones complejas más allá de catálogos y detalle de authoring.
* Modelado detallado de `Target` y flujos QR, salvo que resulte estrictamente necesario para no bloquear la estructura del aggregate de `Mission`.
* Reglas de borrado físico de contenido histórico; la primera implementación debe sesgarse a desactivación, archivado y conservación de trazabilidad.

## Further Notes

* Esta PRD usa como fuentes normativas el `MissionDesign` context local, el DDD solution model, el entity spec lógico y las user stories `HU-09` a `HU-14`.
* La implementación debe preservar el lenguaje ubicuo del proyecto: `Mission`, `MissionNode`, `Stage`, `Substage`, `Clue`, `TriviaQuiz`, `TriviaQuestion`, `TriviaOption`, `MissionActivation`, source readiness.
* La primera implementación debe comenzar por el lado `Mission` y no por el lado `TriviaQuiz` en paralelo. La intención es estabilizar primero el patrón de aggregate, policy, command/query y pruebas dentro del servicio.
* Si al implementar aparecen rangos numéricos faltantes para score o timer, esos rangos deberán fijarse como reglas explícitas del dominio y no dejarse implícitos en UI o infraestructura.
* Esta PRD está pensada para habilitar ejecución inmediata por un agente sobre `mission-design-service` con decisiones ya cerradas para el primer incremento.","Backlog",,"High","fb419a0e-c700-4169-8801-21490db42f94","Umbral Proyecto Desarrollo - Equipo 12","samuelpl0888@gmail.com",,"canon-realign, ready-for-agent",,,,,"2026-05-24T15:18:18.830Z","2026-06-17T02:17:39.408Z",,,,,,,,"",,,,"883737d2-97bf-4bda-a94c-850f5b11f37e",71099,"DES-19, DES-18, DES-21, DES-17, DES-15, DES-14, DES-20, DES-65, DES-64, DES-63","",
"DES-67","umbral-equipo-12","PRD - Primera implementación de identity-access-service (HU-01 a HU-08)","## Problem Statement

El backlog ya define `HU-01` a `HU-08` para el bounded context `Identity`, pero el repositorio todavía no tiene una especificación de producto e implementación que convierta esas historias en una secuencia ejecutable, respetando al mismo tiempo los límites del modelo canónico.

Desde la perspectiva del equipo, el riesgo no es solo ""falta login"", sino mezclar responsabilidades entre `api-gateway`, `identity-access-service`, `Keycloak` y `session-operations-service`:

* `Keycloak` autentica, pero no debe ser reimplementado dentro de los microservicios
* `api-gateway` valida el JWT y propaga identidad confiable por headers
* `identity-access-service` debe encargarse de `User`, `Role`, `IdentityProviderSession`, `JoinToken` y `Access Facts`
* `SessionOperations` sigue siendo la autoridad de runtime sobre `LiveSession`, `Team`, `SessionParticipant`, `TeamMember`, reconexión y estado compartido

Sin un PRD operativo, existe riesgo de:

* implementar validación JWT dentro de cada servicio y romper ADR-0001
* confundir `AuthenticateUser` con un login duplicado de `Keycloak`
* modelar `Team` o `TeamMember` dentro de `Identity` aunque esos conceptos ya pertenecen a `SessionOperations`
* bloquear la entrega por no separar el primer slice de autenticación general del resto de capacidades de acceso y membresía
* introducir reglas de autorización dispersas en endpoints en vez de encapsularlas en módulos profundos y probables

El problema inmediato es definir una primera implementación de `identity-access-service` para `HU-01` a `HU-08`, donde la primera entrega priorice `HU-01` mediante login general soportado por `Keycloak` en `api-gateway`, y deje explícita la progresión hacia desactivación de acceso, roles, `JoinToken`, validación de membresía, reconexión y sincronización multi-dispositivo.

## Solution

La solución es implementar `identity-access-service` como una secuencia de vertical slices centrados en `Access and Identity`, no como una reimplementación del runtime de sesiones.

La primera entrega debe enfocarse en `HU-01` y cerrar el camino base de autenticación general:

1. `Keycloak` autentica al actor
2. `api-gateway` valida el JWT, elimina `Authorization` y reenvía `X-User-Id`, `X-User-Role` y `X-User-Email`
3. el cliente ejecuta `Post-Login Provisioning` contra `identity-access-service` mediante `AuthenticateUser`
4. `identity-access-service` crea o sincroniza el `User`, registra el `IdentityProviderSession` relevante y devuelve `Access Facts`
5. los servicios protegidos aplican guards por rol usando los headers confiables y las políticas del bounded context

Sobre esa base, las siguientes entregas deben ampliar la capacidad del servicio en este orden recomendado:

1. `HU-01` inicio de sesión general de usuarios
2. `HU-02` gestión de acceso de usuarios
3. `HU-03` asignación de roles y permisos
4. `HU-04` y `HU-05` validación de acceso vinculada a equipos y membresía sin mover ownership de `Team` fuera de `SessionOperations`
5. `HU-06` inicio de sesión de participantes en mobile sobre el mismo camino de autenticación general
6. `HU-07A` validación de membresía en sesión mediante `JoinToken` y `AccessPolicy` en coordinación con `SessionOperations`
7. `HU-07B` reconexión autorizada apoyada por facts de identidad y por autoridad de runtime en `SessionOperations`
8. `HU-08` sincronización multi-dispositivo habilitada por identidad autenticada y membresía validada, pero ejecutada por el contexto de sesión

La solución mantiene estas decisiones de ownership:

* `Identity` autentica indirectamente a través de `Keycloak`, provisiona usuarios y devuelve `Access Facts`
* `Identity` puede emitir y validar `JoinToken` y resolver checks de acceso grueso
* `Identity` no decide por sí solo la admisión final a una `LiveSession`
* `Identity` no pasa a ser dueño de `Team`, `TeamMember`, progreso, score ni estado compartido
* `SessionOperations` sigue decidiendo join, reconexión y sincronización en tiempo real

## User Stories

 1. Como usuario registrado, quiero iniciar sesión con credenciales válidas, para acceder a funcionalidades protegidas de Umbral.
 2. Como usuario registrado, quiero que mi autenticación dependa de `Keycloak`, para centralizar credenciales y políticas de acceso.
 3. Como backend developer, quiero que `api-gateway` sea el único punto que valide JWT, para evitar validación duplicada en los microservicios.
 4. Como backend developer, quiero que el gateway inyecte `X-User-Id`, `X-User-Role` y `X-User-Email`, para que los servicios consuman identidad confiable sin parsear tokens.
 5. Como usuario autenticado, quiero que el sistema identifique mi `Role`, para que solo vea y ejecute capacidades permitidas.
 6. Como usuario autenticado, quiero completar el paso de `Post-Login Provisioning`, para quedar reconocido como `User` dentro de la plataforma.
 7. Como backend developer, quiero que `AuthenticateUser` sincronice o cree el `User`, para que el dominio de `Identity` tenga trazabilidad propia sin duplicar el login.
 8. Como backend developer, quiero persistir `IdentityProviderSession` cuando sea relevante para trazabilidad y revocación, para contar con un modelo de sesión útil al dominio.
 9. Como administrador, quiero consultar usuarios registrados, para revisar quién tiene acceso a la plataforma.
10. Como administrador, quiero desactivar el acceso de un usuario sin borrar su historial, para conservar trazabilidad operativa.
11. Como plataforma, quiero impedir que un `User` desactivado inicie sesión útil en Umbral, para bloquear acceso a capacidades protegidas.
12. Como plataforma, quiero impedir que un `User` desactivado use endpoints protegidos incluso si aún conserva un token, para que la revocación sea efectiva del lado de aplicación.
13. Como administrador, quiero asignar o cambiar el `Role` de un `User`, para ajustar sus permisos base.
14. Como plataforma, quiero que cada `Role` resuelva permisos base coherentes, para que el acceso no dependa de condicionales ad hoc en cada endpoint.
15. Como administrador u operador, quiero registrar equipos participantes y mantenerlos activos o desactivados, para preparar contexto operacional visible antes de las sesiones.
16. Como administrador u operador, quiero asociar participantes registrados a equipos autorizados, para que la membresía exista antes del runtime de la sesión.
17. Como participante, quiero iniciar sesión en mobile con el mismo esquema de identidad confiable, para entrar al flujo de juego solo si tengo el rol correcto.
18. Como participante autenticado, quiero que el sistema valide mi pertenencia al equipo correspondiente antes de exponer estado compartido, para no acceder a contexto ajeno.
19. Como plataforma, quiero emitir un `JoinToken` acotado a `LiveSession` y `Team`, para agregar una guardia de aplicación encima del JWT ya validado.
20. Como participante autenticado, quiero consumir un `JoinToken` válido una sola vez o bajo reglas claras de replay, para ingresar o reconectar sin vulnerar la sesión.
21. Como `SessionOperations`, quiero consultar facts de acceso y validación de membresía desde `Identity`, para no duplicar lógica de acceso.
22. Como `SessionOperations`, quiero seguir siendo la autoridad de admisión final y reconexión, para que `Identity` no invada el runtime.
23. Como participante autorizado, quiero reconectarme a una sesión activa y recuperar mi contexto, para continuar después de una desconexión.
24. Como plataforma, quiero impedir reconexiones o joins fuera del equipo autorizado, para proteger el estado compartido de cada equipo.
25. Como participante autorizado, quiero que varios dispositivos de mi mismo equipo reflejen el mismo estado vigente, para colaborar sin inconsistencias.
26. Como plataforma, quiero asegurar que la sincronización multi-dispositivo nunca mezcle estado entre equipos distintos, para preservar separación operativa.
27. Como backend developer, quiero encapsular guards y políticas de acceso en módulos profundos, para evitar reglas dispersas en handlers y endpoints.
28. Como backend developer, quiero que la primera entrega sea `HU-01` antes de membresía y runtime, para construir sobre una base de autenticación estable.
29. Como reviewer, quiero ver separados los conceptos de autenticación, provisión de usuario, autorización gruesa y admisión de sesión, para defender claramente los bounded contexts.
30. Como equipo de desarrollo, quiero una secuencia explícita para `HU-01` a `HU-08`, para implementar el servicio por slices verificables en vez de por carpetas sueltas.

## Implementation Decisions

* La implementación de `identity-access-service` se hará por vertical slices orientados al backlog, comenzando por `HU-01` como primer slice obligatorio.
* `HU-01` se implementará como autenticación externalizada en `Keycloak` con validación centralizada en `api-gateway`, seguida por `Post-Login Provisioning` en `identity-access-service`.
* `AuthenticateUser` se define explícitamente como sincronización o creación del `User` a partir de claims ya autenticados. No reimplementa login ni valida credenciales directamente.
* El contrato confiable entre gateway y microservicios será solo `X-User-Id`, `X-User-Role` y `X-User-Email`. Los microservicios no usarán `AddJwtBearer` ni parsing directo de JWT.
* El primer slice debe probar al menos un flujo completo: autenticación válida en `Keycloak`, propagación por gateway, llamada a `AuthenticateUser`, creación o actualización de `User`, y acceso exitoso a una capacidad protegida consistente con el `Role`.
* El agregado `User` será la raíz para identidad interna, estado de acceso y asignación de `Role`.
* `IdentityProviderSession` será el agregado o registro persistido para correlación, trazabilidad, revocación y control de sesión relevante a dominio, no un mero espejo técnico del proveedor.
* Los módulos profundos prioritarios serán:
* `IdentityProvisioningPolicy` para alinear claims externos con el estado interno de `User`
* `AccessPolicy` para resolver acceso grueso por rol, estado del usuario y target protegido
* `JoinTokenPolicy` para emisión, expiración, consumo y anti-replay de `JoinToken`
* un `AccessGuard` estilo `Proxy` en aplicación/API para proteger capacidades antes de ejecutar casos de uso
* La matriz de permisos base se resolverá desde `Role` y `AccessPolicy`, no desde checks ad hoc en endpoints.
* `HU-02` añadirá `DeactivateUserAccess` y catálogo de acceso, reutilizando el mismo `User` como fuente de verdad para estado activo/inactivo.
* `HU-03` añadirá `AssignUserRole` y revocación/reasignación explícita de roles, manteniendo que el role efectivo que ve la plataforma no sea una inferencia distribuida.
* `HU-04` y `HU-05` no autorizan mover `Team` ni `TeamMember` a `Identity`. El PRD asume que `SessionOperations` sigue siendo owner de esos conceptos y que `Identity` consumirá o validará referencias externas para emitir `Access Facts` o `JoinToken`. La creación, edición y desactivación de equipos (HU-04) y la asignación de participantes a equipos (HU-05) las pueden realizar tanto `Administrator` como `Operator`, alineado con la definición de HU-04 en el backlog.
* Para `HU-04` y `HU-05`, si el backlog necesita un registro administrativo previo de equipos o membresías, debe implementarse como contrato explícito entre bounded contexts o como proyección controlada, nunca como doble ownership del agregado `Team`.
* `HU-06` reutilizará el mismo backbone de `HU-01`, con el cliente móvil limitado al rol `Participante`.
* `HU-07A` se modelará como validación de membresía antes de exponer contexto de equipo. `Identity` validará facts de identidad, rol, estado de acceso y `JoinToken`; `SessionOperations` decidirá admisión final a la sesión activa.
* `HU-07B` se modelará como reconexión autorizada donde `Identity` aporta facts y validación, pero el estado recuperado y la reanudación de presencia pertenecen a `SessionOperations`.
* `HU-08` se considera una capacidad de sincronización del runtime y por tanto se ejecutará principalmente en `SessionOperations`, apoyada por identidad autenticada y autorización previa.
* Los servicios de aplicación mínimos alineados al backlog serán: `AuthenticateUser`, `DeactivateUserAccess`, `AssignUserRole`, `IssueJoinToken`, `ValidateParticipantMembershipAccess`, `ReconnectAuthenticatedParticipant`, `GetUserAccessCatalog`, `GetAuthenticatedActorProfile`.
* Los repositorios mínimos serán: `IUserRepository`, `IIdentityProviderSessionRepository`, `IJoinTokenRepository`, `IAccessReadModelRepository`.
* Domain events prioritarios: `UserProvisioned`, `UserAccessDeactivated`, `UserRoleAssigned`, `UserRoleRevoked`, `IdentityProviderSessionStarted`, `IdentityProviderSessionEnded`, `JoinTokenIssued`, `JoinTokenConsumed`, `AccessDecisionRecorded`.
* La primera entrega debe incluir wiring de `Infrastructure/Identity/Keycloak/` solo en `identity-access-service`, y nunca en los demás bounded-context services.
* El diseño debe tolerar que `Keycloak` autentique, pero que el acceso efectivo a la plataforma dependa además del estado del `User` en Umbral y de su `Role`.
* Los endpoints y handlers no deben contener reglas de autorización dispersas; deben delegar en guards y políticas estables para reducir drift entre web, mobile y servicios backend.

## Testing Decisions

* Una buena prueba validará comportamiento observable: autenticación/provisión exitosa, rechazo de acceso, rol efectivo, emisión y consumo de `JoinToken`, y respuesta del sistema ante usuarios desactivados. No debe acoplarse a detalles internos de handlers o infraestructura.
* El primer slice `HU-01` debe probarse de forma vertical: request autenticado por gateway, headers confiables presentes, `AuthenticateUser` crea o sincroniza `User`, y una capacidad protegida responde según el `Role`.
* `IdentityProvisioningPolicy` debe tener pruebas unitarias aisladas para creación de `User`, sincronización de email, sincronización de `Role`, idempotencia y rechazo de claims insuficientes.
* `AccessPolicy` debe tener pruebas unitarias aisladas para usuarios activos, desactivados, roles válidos, roles sin permiso y targets protegidos.
* `JoinTokenPolicy` debe tener pruebas unitarias aisladas para expiración, consumo único, replay y relación correcta con actor, `LiveSession` y `Team`.
* Los handlers de aplicación deben probar orquestación con repositorios y guards, especialmente `AuthenticateUser`, `DeactivateUserAccess`, `AssignUserRole`, `IssueJoinToken` y `ValidateParticipantMembershipAccess`.
* Debe existir al menos una prueba de integración de persistencia para `User`, `IdentityProviderSession` y `JoinToken`.
* Debe existir al menos una prueba HTTP o end-to-end del camino `Keycloak -> api-gateway -> identity-access-service` para `HU-01`, porque ese slice depende del boundary real del gateway.
* Debe reutilizarse el patrón de pruebas ya establecido en otros servicios backend: dominio para invariantes, aplicación para orquestación, integración para persistencia y API para contrato observable.

## Out of Scope

* Reimplementar formularios de login, manejo de credenciales o validación JWT dentro de cada microservicio
* Transferir ownership de `LiveSession`, `Team`, `SessionParticipant`, `TeamMember`, score o progreso a `identity-access-service`
* Permitir admisión final a sesiones sin validación de runtime por `SessionOperations`
* Diseñar sincronización multi-dispositivo completa dentro de `Identity`
* UI detallada de web o mobile, theming de `Keycloak`, recuperación de contraseña o self-registration público
* Reemplazar `Keycloak` por autenticación propia de Umbral

## Further Notes

* Esta PRD usa como referencias normativas el `Identity` service context, `docs/ddd_solution_model.md`, `docs/bd_umbral_entity_spec.md`, ADR-0001 y el resumen de diseño del `api-gateway` con `Keycloak`.
* El foco explícito de la primera entrega es `HU-01`, y en particular el camino de login general con `Keycloak` en `api-gateway` más `Post-Login Provisioning` en `identity-access-service`.
* El término correcto es `Keycloak`; cualquier referencia previa a ""kecloak"" se interpreta como ese proveedor de identidad.
* Si durante la implementación de `HU-04` y `HU-05` aparece conflicto entre backlog y ownership canónico de `Team`, debe resolverse manteniendo el ownership en `SessionOperations` y ajustando el contrato entre contextos, no duplicando aggregates.
* **Cambio 2026-07-06 (triage):** Las user stories 15 y 16 se actualizaron de ""Como administrador"" a ""Como administrador u operador"" para alinear la PRD con HU-04 ([DES-8](https://linear.app/desarrollo-equipo-12/issue/DES-8/hu-04-registro-y-mantenimiento-de-equipos)), que explícitamente habilita a `Administrator` y `Operator` para crear, consultar, editar y desactivar equipos. La decisión de implementación de `HU-04`/`HU-05` también se aclaró en consecuencia.","Backlog",,"No priority","fb419a0e-c700-4169-8801-21490db42f94","Umbral Proyecto Desarrollo - Equipo 12","samuelpl0888@gmail.com",,"canon-realign, ready-for-agent, svc:identity-access-service",,,,,"2026-05-30T15:08:16.812Z","2026-07-06T18:14:26.238Z",,,,,,,,"",,,,"b5b30607-0685-4406-90a4-f94246d02bef",62469,"","",
"DES-66","umbral-equipo-12","PRD - Local backend platform baseline for infrastructure-backed bounded-context services","## Problem Statement

The backend architecture already claims four bounded-context services plus shared platform dependencies, but the current implementation does not yet prove that architecture in code or runtime.

From the team’s perspective, the current project structure is still mostly skeletal:

* each backend service exposes only a minimal `/health` endpoint
* `Application` and `Infrastructure` layers are effectively placeholders
* there is no real service-owned persistence
* there is no proven local `PostgreSQL` contract per bounded context
* there is no shared local runtime for `RabbitMQ` and `Keycloak`
* there is no proven public auth path through `api-gateway` and `Keycloak`
* there is no end-to-end proof that the backend can run locally as actual bounded-context services rather than as empty API shells

That creates a gap between the accepted architecture and the executable system. The risk is not only missing features; it is that the project may continue implementing domain logic on top of an unproven service foundation, making it harder to defend bounded-context ownership, local reproducibility, migration strategy, integration boundaries, and service-to-infrastructure contracts later.

The immediate problem is therefore to convert the current skeletal APIs into real infrastructure-backed services that can run locally with their own persistence boundaries and shared platform dependencies, starting with one service that proves the pattern, then closing the public auth path through the gateway, and then extending the platform contract to the rest of the stack.

## Solution

The solution is to establish a local backend platform baseline that proves the architecture incrementally instead of trying to complete every business workflow at once.

The first step is to make `mission-design-service` the reference bounded-context service because it is upstream, less coupled than runtime-heavy services, and already has a defined first implementation scope in `DES-62`. That service must become a real deployable with:

* a real authoring workflow around the `Mission` aggregate
* service-owned persistence in its own logical `PostgreSQL` database
* service-owned migrations
* containerized startup
* environment-variable-based runtime configuration
* health/readiness behavior that proves real dependency wiring, not just process startup

Once that first slice works, the same infrastructure and runtime conventions will first be used to prove one narrow public entry path through `api-gateway`, with token validation delegated to `Keycloak` and authenticated actor context propagated into the already-proven `mission-design-service` slice. After that, the same infrastructure and runtime conventions will be generalized across `session-operations-service`, `scoring-monitoring-service`, and `identity-access-service` so that each service can boot independently, connect only to its own persistence boundary, and rely on the same shared local platform services.

The local orchestration baseline will be repository-level `Docker Compose` with shared `PostgreSQL`, `RabbitMQ`, and `Keycloak`, while preserving one logical database per backend service and explicit bounded-context ownership.

This PRD is intentionally platform-first. It does not try to finish all domain functionality across all services. It defines the implementation path that turns the backend from architectural intent into a locally runnable microservices platform.

## User Stories

 1. As a backend developer, I want the repository to prove its microservices architecture locally, so that the codebase matches the design documented in ADR 001.
 2. As a backend developer, I want one bounded-context service to become fully infrastructure-backed first, so that the team can validate the service pattern before scaling it across the stack.
 3. As a backend developer, I want `mission-design-service` to be the first real service slice, so that the initial proof starts from an upstream context with lower runtime coupling.
 4. As a backend developer, I want `mission-design-service` to persist a real `Mission` aggregate, so that the first slice proves bounded-context ownership instead of only container startup.
 5. As a backend developer, I want to create a `Mission` through the service API and retrieve it later, so that I can verify end-to-end authoring persistence.
 6. As a backend developer, I want `mission-design-service` to own its own logical database, so that persistence boundaries remain aligned with bounded-context ownership.
 7. As a backend developer, I want each backend service to use only its own database, so that no service can rely on direct table access into another context.
 8. As a backend developer, I want one shared local `PostgreSQL` server to host multiple logical service databases, so that local development stays simple while ownership remains explicit.
 9. As a backend developer, I want service-owned migrations, so that schema evolution remains local to the owning bounded context.
10. As a backend developer, I want a clear migration execution strategy, so that another developer can bring up the stack without undocumented setup steps.
11. As a backend developer, I want a repository-level `Docker Compose` entrypoint, so that the backend stack can be started consistently from one root workflow.
12. As a backend developer, I want shared `PostgreSQL`, `RabbitMQ`, and `Keycloak` containers in that workflow, so that the backend uses the committed local platform baseline.
13. As a backend developer, I want each backend service to run as its own container, so that local runtime reflects the accepted deployable boundaries.
14. As a backend developer, I want each service to expose meaningful health/readiness checks, so that dependency failures can be isolated to the correct deployable.
15. As a backend developer, I want service configuration to come from environment variables, so that local execution does not depend on IDE-specific machine setup.
16. As a backend developer, I want the same configuration shape across services, so that runtime contracts do not drift between bounded contexts.
17. As a backend developer, I want `RabbitMQ` available in the local platform even before all integrations are implemented, so that the infrastructure contract is established early.
18. As a backend developer, I want `Keycloak` available in the local platform even if the first slice does not depend on it critically, so that the platform baseline matches the accepted architecture.
19. As a backend developer, I want `mission-design-service` to define the first repeatable infrastructure pattern, so that other services can copy proven conventions instead of inventing their own.
20. As a backend developer, I want per-service containerization conventions, so that all services can be built and run the same way.
21. As a backend developer, I want per-service dependency injection patterns for persistence and infrastructure, so that service startup is predictable and testable.
22. As a backend developer, I want the first real service slice to include real domain, application, infrastructure, and API behavior, so that the architecture is proven vertically instead of by layer stubs.
23. As a backend developer, I want `mission-design-service` to expose catalog and detail queries for `Mission`, so that the first real slice proves both writes and reads.
24. As a backend developer, I want the `Mission` slice to remain within authoring concerns, so that runtime authority does not leak in from `SessionOperations`.
25. As a backend developer, I want the first slice to stay compatible with `DES-62`, so that the service foundation and the domain implementation do not diverge.
26. As a backend developer, I want `session-operations-service` to be upgraded from a shell to an infrastructure-capable service after the first slice, so that the runtime core can later inherit proven conventions.
27. As a backend developer, I want `scoring-monitoring-service` to be upgraded from a shell to an infrastructure-capable service after the first slice, so that downstream projections and scoring can later plug into a real platform baseline.
28. As a backend developer, I want `identity-access-service` to be upgraded from a shell to an infrastructure-capable service after the first slice, so that identity/access contracts have a real deployment and persistence home.
29. As a backend developer, I want the remaining services to boot successfully against shared local infrastructure even before their full business features exist, so that the microservice topology is validated incrementally.
30. As a backend developer, I want service startup to fail clearly when infrastructure dependencies are unavailable or misconfigured, so that readiness behavior is operationally meaningful.
31. As a backend developer, I want cross-service communication to remain explicit through APIs or messaging, so that shared persistence shortcuts do not appear during local development.
32. As a backend developer, I want the first cross-service proof to happen only after the services themselves are real, so that infrastructure problems are not hidden inside a broader integration effort.
33. As a backend developer, I want one later proof path from `MissionDesign` into another bounded context, so that the backend eventually demonstrates actual service collaboration instead of isolated service islands.
34. As a backend developer, I want the local backend stack to be stable enough for demos and collaborative development, so that setup knowledge is not locked to one machine or one person.
35. As a reviewer, I want the local runtime to make service boundaries visible in code, configuration, persistence, and orchestration, so that the architecture remains defensible.
36. As a future contributor, I want a proven pattern for adding persistence, migrations, health checks, and containerization to a new service, so that backend evolution stays coherent.
37. As a development team, I want the first tracer bullet to establish deep modules and testing patterns, so that later services reuse stable abstractions instead of repeating ad hoc infrastructure glue.
38. As a development team, I want the backend platform baseline to be implemented before broad frontend integration, so that UI work consumes a stable runtime contract instead of masking backend platform gaps.
39. As an operator-facing platform team, I want the backend stack to run locally as actual bounded-context services, so that the project can later support realistic end-to-end rehearsal and troubleshooting.
40. As the project team, I want the local backend platform to prove the accepted platform shape incrementally, so that architecture claims are backed by executable evidence.
41. As a backend developer, I want a minimal `api-gateway` route to front the first real service slice, so that the public entry topology from ADR 001 is proven early instead of remaining only a diagram.
42. As a backend developer, I want the gateway to validate tokens against `Keycloak` and propagate authenticated actor context downstream, so that authentication wiring follows the accepted architecture without forcing temporary OIDC plumbing into each service.
43. As a backend developer, I want the first authenticated proof path to target the already-proven `MissionDesign` slice, so that gateway/auth integration stays narrow while the backend platform is still stabilizing.

## Implementation Decisions

* The local backend baseline will be implemented as a platform-first tracer bullet rather than as a simultaneous full-feature build across all services.
* `mission-design-service` will be the first fully real bounded-context service because it is upstream, already documented in `DES-62`, and less coupled to runtime-heavy workflows than `SessionOperations` or `Identity`.
* The first real vertical slice inside `mission-design-service` will center on the `Mission` aggregate and its minimum authoring flow, not on `TriviaQuiz` and not on cross-service interactions.
* A service is only considered real when it owns persistent domain data and proves that ownership through an externally usable workflow, not merely by exposing `/health`.
* The first real proof must include all four service layers behaving meaningfully: domain model, application flow, infrastructure persistence, and API endpoints.
* `MissionDesign` must preserve the existing separation between authoring drafts and source readiness rules. The first platform slice may use draft persistence before all readiness rules are fully exercised, but it must remain aligned with the already accepted `DES-62` model.
* Repository-level orchestration will use a single root `Docker Compose` workflow as the canonical local entrypoint.
* Shared platform services in scope for the baseline are `PostgreSQL`, `RabbitMQ`, and `Keycloak`.
* `Keycloak` is treated here as shared platform infrastructure for the local stack, not as a signal that every backend service should implement direct public OIDC integration with it.
* `Keycloak` belongs in the local platform baseline even if the first `mission-design-service` slice does not depend on it critically. This avoids designing a temporary platform shape that conflicts with ADR 001.
* The baseline must prove one narrow public auth path through `api-gateway` and `Keycloak` immediately after the first real `mission-design-service` slice, so the accepted entry topology becomes executable before the rest of the services are upgraded.
* For that first public auth path, `api-gateway` is the primary component that integrates with `Keycloak`, validates tokens, and propagates trusted actor context downstream so temporary OIDC plumbing is not pushed into every backend service.
* `RabbitMQ` also belongs in the local platform baseline, but cross-service integration flows over the broker are not required for the first proof slice.
* Each backend service remains its own deployable and container; containerization must not collapse services into one convenience executable.
* Local persistence will use one shared `PostgreSQL` server with one logical database per backend service.
* No backend service may read or write another service’s tables directly, even in local development.
* Cross-service collaboration must continue through explicit contracts, not shared persistence.
* A shared runtime configuration contract will be defined across services, centered on connection strings, broker settings, identity-provider settings, and logging.
* Shared platform runtime glue that is reused across services must live in shared building blocks rather than under a bounded-context service path, so service ownership remains explicit in the repository structure.
* Service startup must be environment-variable driven rather than IDE-profile driven.
* Health behavior must distinguish between process liveness and dependency readiness strongly enough to support Compose-managed startup and diagnosis.
* Migrations remain owned by each service. The local stack must choose one repeatable strategy for applying those migrations without centralizing schema ownership.
* The first implementation should extract stable deep modules instead of scattering infrastructure glue across startup code.
* The most important deep platform modules are:
  * a service persistence module that encapsulates `DbContext`, service-owned database mapping, migration registration, and repository wiring behind a stable interface
  * a local runtime configuration module that maps environment configuration into strongly owned service settings
  * a health/readiness module that centralizes dependency checks and startup expectations per service
  * a container/runtime convention module that standardizes service ports, environment contract, and startup behavior across all backend services
* The first real domain module is the `Mission` authoring slice from `MissionDesign`, which should serve as the reference vertical slice for how bounded-context logic crosses the four clean-architecture layers.
* After `mission-design-service` is proven end to end, the next step will be a minimal `api-gateway` proof that fronts that slice, validates tokens through `Keycloak`, and propagates authenticated actor context downstream.
* The gateway proof must stay intentionally narrow: one authenticated route, one downstream service, and no requirement to complete broad gateway route composition first.
* After the gateway-backed auth path is proven, the remaining services will be upgraded from shells to infrastructure-capable services even if their business features remain minimal at first.
* The order after the first slice will therefore be: minimal gateway auth proof, then `session-operations-service`, `scoring-monitoring-service`, and `identity-access-service` booting with their own persistence boundaries and shared infrastructure contracts before attempting richer service collaboration.
* The first cross-service proof should be added only after the services themselves are real. Suitable later proofs include a `MissionDesign` source-availability contract consumed by `SessionOperations` or one minimal broker-driven integration path.
* `api-gateway` is not the first implementation focus of this PRD, but it also should not wait until the very end. Gateway work should follow the first real service proof closely enough to close the auth-path gap early.
* Frontend and mobile integration are downstream consumers of this runtime baseline and should not be used to compensate for missing backend platform proof.

## Testing Decisions

* A good test validates observable behavior at the appropriate boundary, not internal implementation details or folder structure.
* Domain tests should validate bounded-context invariants and transitions of the first real `Mission` slice.
* Application tests should validate command/query orchestration, repository usage, and failure behavior for the first `MissionDesign` vertical slice.
* Persistence integration tests should validate that the owning service can persist and retrieve its aggregate correctly through its own infrastructure and mappings.
* Service-level integration tests should validate health/readiness behavior, configuration binding, and startup against real or containerized infrastructure dependencies.
* Platform-level verification should validate that the root local orchestration can bring up shared infrastructure and that each service can connect only to its own dependencies.
* Gateway integration tests should validate one authenticated route end to end: token validation against `Keycloak`, gateway admission/denial behavior, and trusted actor propagation into `mission-design-service`.
* Ownership tests should validate that each service points only to its own logical database and does not rely on direct access to another service’s tables.
* Containerization tests should focus on externally observable startup, build, and readiness behavior rather than Dockerfile internals.
* The highest-value initial test coverage belongs to:
  * the `Mission` domain model and its immediate application flow
  * the `mission-design-service` persistence module
  * the shared health/readiness behavior for service startup
  * the root local orchestration path for the first real slice
* After the first slice, the next highest-value platform proof is the narrow gateway-plus-`Keycloak` auth path because it closes a documented topology gap without expanding into full frontend integration.
* After the first slice is proven, each remaining service should receive startup/persistence integration tests as it is upgraded from shell to infrastructure-capable deployable.
* There is little executable prior art in the current codebase because the services are still skeletal. This PRD therefore establishes the reference testing shape for real bounded-context services in the repository.
* Existing repository references on backend architecture and testing should be treated as normative guidance for behavior-oriented validation, but this implementation will create the first concrete local platform prior art.

## Out of Scope

* Completing all business use cases across all four backend services in this PRD
* Full `MissionDesign` feature completion beyond the minimum real `Mission` slice needed to prove the service foundation
* Rich cross-service workflows before the individual services themselves are real
* Broad gateway composition across every backend service before one narrow authenticated route is proven
* Frontend and mobile runtime integration before the backend platform contract is proven
* Collapsing multiple bounded contexts into a single database model or a single executable for local convenience
* Direct table access between services
* Production deployment concerns beyond the local backend runtime baseline
* Advanced monitoring/telemetry stacks beyond the minimum health/readiness and local diagnosis needs
* Full broker-driven workflows across services in the first infrastructure proof slice
* Finalizing every domain model in `SessionOperations`, `ScoringMonitoring`, or `Identity` before those services can at least boot with owned infrastructure

## Further Notes

* This PRD complements rather than replaces `DES-62`. `DES-62` remains the product/domain implementation baseline for the first `MissionDesign` slice, while this PRD defines the broader local backend platform baseline needed to turn that slice into a real service.
* The current repository state strongly indicates that backend implementation should not continue as if the platform foundation were already proven. The next meaningful steps are to establish one executable bounded-context reference service, close the public auth path through the gateway, and then generalize that pattern.
* The most important architectural outcome of this PRD is not merely local convenience. It is preserving defendable ownership boundaries in code, persistence, configuration, and orchestration.
* Success for this PRD means the repository can demonstrate, with executable evidence, that its backend is becoming a real microservices platform rather than remaining a set of structural placeholders, including the accepted public auth entry path through `api-gateway` and `Keycloak`.","Backlog",,"High","fb419a0e-c700-4169-8801-21490db42f94","Umbral Proyecto Desarrollo - Equipo 12","samuelpl0888@gmail.com",,"ready-for-agent",,,,,"2026-05-26T19:12:40.726Z","2026-05-26T20:26:15.942Z",,,,,,,,"",,,,"d771aa3e-840b-404c-98f7-4a595c7b8895",67984,"","",
"DES-68","umbral-equipo-12","PRD - HU-06 inicio de sesión de participantes","## Problem Statement

`DES-10` ya define que cada participante debe iniciar sesión antes de entrar al flujo de juego desde una aplicación móvil construida con Expo sobre React Native, pero esa historia todavía necesita una especificación de producto e implementación que la separe con claridad de `HU-01`, `HU-07A`, `HU-07B` y del enabler `DES-58`.

El riesgo no es “agregar otro login”, sino mezclar cuatro responsabilidades distintas:

* `Keycloak` autentica credenciales y emite el JWT
* `api-gateway` valida el JWT y propaga identidad confiable por headers
* `identity-access-service` realiza `Post-Login Provisioning`, evalúa `AccessPolicy` y devuelve `Access Facts`
* la aplicación móvil de participantes construida con Expo sobre React Native consume solo las capacidades permitidas al rol `Participant`

Sin esta especificación, el equipo puede caer en errores de diseño que rompen el modelo canónico:

* duplicar autenticación dentro del cliente móvil o dentro del microservicio
* permitir que actores con rol `Administrator` u `Operator` entren al flujo móvil de participantes
* confundir login con validación de membresía de sesión, que pertenece a `HU-07A`
* depender de estado de runtime de `SessionOperations` para resolver una historia que todavía es de identidad y acceso grueso
* dispersar checks de rol en endpoints y pantallas en vez de encapsularlos en módulos profundos reutilizables

El problema concreto de `HU-06` es habilitar un camino de autenticación individual para participantes en una aplicación móvil Expo/React Native que reutilice el backbone de `HU-01`, bloquee usuarios no autenticados o desactivados, y exponga solamente `Access Facts` y capacidades compatibles con el rol `Participant`.

## Solution

La solución es tratar `HU-06` como una especialización de `HU-01`, no como un flujo de autenticación independiente, y consumirla desde una aplicación móvil de participantes implementada con Expo sobre React Native.

El participante inicia sesión contra `Keycloak` desde la aplicación móvil Expo / React Native; luego el `api-gateway` valida el JWT, elimina el token de los servicios internos y reenvía `X-User-Id`, `X-User-Role` y `X-User-Email`. Con esos headers confiables, el cliente completa `Post-Login Provisioning` llamando a `AuthenticateUser` en `identity-access-service`, que crea o sincroniza el `User`, registra la `IdentityProviderSession` relevante y devuelve `Access Facts` suficientes para que la aplicación móvil continúe solo si el actor está activo y su `Role` es `Participant`.

La entrega debe demostrar estos resultados visibles:

1. El participante no puede entrar al flujo de juego sin autenticación previa.
2. El cliente móvil rechaza o redirige actores cuyo `Role` no sea `Participant`.
3. Un `User` desactivado queda bloqueado aun cuando llegue con identidad previamente autenticada por el proveedor.
4. Las capacidades accesibles desde mobile se resuelven a partir de `AccessPolicy`, sin checks ad hoc por endpoint.
5. La historia termina en el borde de identidad/autorización gruesa; la admisión a sesión, la membresía por equipo y la reconexión siguen delegadas a `HU-07A` y `HU-07B`.

## User Stories

 1. Como participante, quiero iniciar sesión desde una aplicación móvil construida con Expo sobre React Native, para acceder al flujo de juego con mi identidad individual.
 2. Como participante, quiero autenticarme con el mismo proveedor central (`Keycloak`) que usa el resto de la plataforma, para no depender de un login paralelo.
 3. Como plataforma, quiero exigir autenticación antes de cualquier acceso al cliente móvil de participantes, para evitar entrada anónima al flujo de juego.
 4. Como plataforma, quiero que el `api-gateway` sea el único validador del JWT, para no duplicar lógica de autenticación en microservicios.
 5. Como `identity-access-service`, quiero recibir `X-User-Id`, `X-User-Role` y `X-User-Email` como identidad confiable, para provisionar al actor sin parsear el token.
 6. Como participante autenticado, quiero que `AuthenticateUser` cree o sincronice mi `User`, para quedar reconocido por el bounded context `Identity`.
 7. Como plataforma, quiero registrar la `IdentityProviderSession` relevante del participante autenticado, para mantener trazabilidad y base de revocación.
 8. Como participante autenticado, quiero obtener mi perfil autenticado dentro de Umbral, para que el cliente sepa quién soy y qué rol tengo realmente.
 9. Como plataforma, quiero restringir el cliente móvil al rol `Participant`, para impedir que `Administrator` u `Operator` entren al flujo móvil de juego.
10. Como participante, quiero ver solo funcionalidades compatibles con mi rol, para no mezclar experiencia móvil de juego con capacidades administrativas u operativas.
11. Como plataforma, quiero bloquear a un `User` desactivado aunque el proveedor de identidad ya lo haya autenticado, para que la revocación de acceso sea efectiva dentro de Umbral.
12. Como desarrollador backend, quiero encapsular la decisión de acceso en `AccessPolicy`, para no repetir checks de rol y estado en cada endpoint.
13. Como desarrollador backend, quiero usar un `Proxy` de acceso delante de operaciones protegidas, para que la restricción del rol participante sea consistente en transport y aplicación.
14. Como desarrollador móvil en Expo/React Native, quiero un endpoint estable de `Post-Login Provisioning`, para continuar el flujo después del login del proveedor.
15. Como desarrollador móvil en Expo/React Native, quiero un endpoint estable para consultar el perfil autenticado, para hidratar la sesión local del participante.
16. Como desarrollador móvil en Expo/React Native, quiero un endpoint o capability check de acceso protegido, para determinar rápido si el actor puede seguir en el flujo móvil.
17. Como participante con rol incorrecto, quiero ser rechazado antes de entrar al flujo de juego, para no ver contexto que no me corresponde.
18. Como plataforma, quiero separar autenticación gruesa de validación de membresía de sesión, para que `HU-06` no absorba responsabilidades de `HU-07A`.
19. Como plataforma, quiero separar autenticación móvil de reconexión a sesión activa, para que `HU-06` no absorba responsabilidades de `HU-07B`.
20. Como equipo de desarrollo, quiero una definición explícita de límites entre `Identity`, `api-gateway`, cliente móvil y `SessionOperations`, para implementar `DES-10` sin ambigüedad arquitectónica.
21. Como reviewer, quiero ver que el flujo móvil reutiliza el backbone de `HU-01`, para evitar una segunda solución de autenticación dentro del sistema.
22. Como equipo de producto, quiero que `HU-06` quede lista para ser consumida por el enabler `DES-58`, para que el cliente móvil se construya sobre contratos ya defendibles.

## Implementation Decisions

* `HU-06` se implementa como un slice de identidad especializado para `Participant`, reutilizando los contratos base de `HU-01`.
* `Keycloak` sigue siendo el único responsable de autenticar credenciales; `identity-access-service` no reimplementa login.
* `api-gateway` sigue siendo el único punto que valida JWT y propaga identidad confiable por `X-User-Id`, `X-User-Role` y `X-User-Email`.
* `AuthenticateUser` sigue significando `Post-Login Provisioning`: crear o sincronizar `User` desde claims ya autenticados y registrar `IdentityProviderSession` cuando corresponda.
* El flujo mobile debe apoyarse en tres capacidades ya coherentes con el bounded context: bootstrap/autenticación provisionada, perfil autenticado y chequeo de acceso protegido.
* El consumidor explícito de este slice es una aplicación móvil de participantes construida con Expo sobre React Native; el PRD asume ese cliente como el entry point del actor `Participant`.
* `AccessPolicy` es la autoridad única para decidir si el actor autenticado y activo puede consumir capacidades del cliente móvil de participantes.
* El patrón requerido para `HU-06` es `Proxy`; la restricción del rol participante debe vivir en un guard estructural y no en condicionales dispersos.
* El `Role` efectivo consumido por mobile es el del `User` provisionado y validado por la política de acceso; no se debe derivar de estado de sesión ni de parámetros de cliente.
* Los módulos profundos de esta entrega son `IdentityProvisioningPolicy`, `AccessPolicy`, el adaptador de headers confiables y el `Proxy` de acceso para el login/autorización del actor autenticado.
* Los `Access Facts` devueltos por el servicio deben incluir lo necesario para distinguir identidad autenticada, rol, estado activo y resultado de acceso grueso.
* El rechazo de usuarios no autenticados se resuelve antes de entrar al microservicio mediante gateway; el rechazo de usuarios desactivados o de rol incorrecto se resuelve en `identity-access-service`.
* `HU-06` no introduce ownership nuevo sobre `LiveSession`, `Team`, `SessionParticipant`, `JoinContext` ni `JoinToken`.
* La validación de pertenencia al equipo y la autorización para entrar a una sesión activa se posponen explícitamente a `HU-07A`.
* La recuperación de estado y reconexión autorizada se posponen explícitamente a `HU-07B`.
* El enabler `DES-58` consume este slice como prerrequisito contractual, pero el PRD no especifica UX completa, navegación móvil ni almacenamiento local detallado fuera de la sesión autenticada mínima.
* Si el servicio expone una capacidad protegida específica para mobile, esta debe mapearse en `ProtectedCapability` y quedar cubierta por la matriz de `AccessPolicy`.
* La solución debe mantener la separación entre autorización gruesa de identidad y admisión final de runtime, que sigue siendo responsabilidad de `SessionOperations`.

## Testing Decisions

* Una buena prueba valida comportamiento observable y decisiones de acceso, no detalles internos de implementación ni estructura de clases.
* Deben probarse los módulos profundos que sostienen el slice: `IdentityProvisioningPolicy`, `AccessPolicy`, parsing/adaptación de rol desde headers confiables y el `Proxy` que restringe el flujo a `Participant`.
* Los handlers y queries que soportan bootstrap, perfil autenticado y chequeo de acceso deben cubrir camino válido, usuario desactivado, rol incorrecto y falta de identidad confiable.
* Las pruebas de integración deben demostrar el round-trip mínimo del flujo mobile: headers confiables válidos, provisioning exitoso, lectura del perfil autenticado y rechazo de acceso cuando el actor no es `Participant`.
* Las pruebas de API deben verificar el mapeo correcto de errores a respuestas HTTP para usuario desactivado, actor no autenticado y actor autenticado con rol no permitido.
* La prior art debe seguir el patrón ya existente en `identity-access-service`: pruebas unitarias de `AccessPolicy`, `IdentityProvisioningPolicy`, handlers de `AuthenticateUser` y pruebas de integración de endpoints autenticados por headers confiables.
* No deben escribirse pruebas que simulen validación JWT dentro del servicio, porque esa responsabilidad pertenece al `api-gateway`.
* Tampoco deben escribirse pruebas que mezclen `HU-06` con membresía de equipo, join a sesión o reconexión, porque eso cubriría otro bounded context o historias posteriores.

## Out of Scope

* Validación de membresía del participante respecto a un `Team` o una `LiveSession`.
* Emisión o consumo de `JoinToken` para admisión a sesión.
* Reconexión autorizada y recuperación de estado compartido.
* Sincronización multi-dispositivo del equipo.
* Implementación completa de UX del cliente móvil más allá del contrato de autenticación y acceso grueso.
* Decisiones específicas de navegación, storage local o packaging de Expo que no cambien el contrato de autenticación del backend.
* Revalidación de JWT dentro de microservicios distintos al `api-gateway`.
* Cualquier cambio de ownership sobre agregados de `SessionOperations`.

## Further Notes

* `DES-10` depende de `HU-01 / DES-5` y prepara el camino para `HU-07A / DES-11`, `HU-07B / DES-12` y el enabler `DES-58`.
* El canal de acceso de `HU-06` es la aplicación móvil de participantes en Expo/React Native, no la web operativa de administradores u operadores.
* El vocabulario del PRD debe mantenerse en términos de `User`, `Role`, `IdentityProviderSession`, `Access Facts`, `Post-Login Provisioning` y `AccessPolicy`.
* Si el equipo necesita una capacidad protegida explícita para el cliente móvil de participantes, debe agregarse como decisión visible de dominio y no como convención implícita de frontend.","Backlog",,"No priority","fb419a0e-c700-4169-8801-21490db42f94","Umbral Proyecto Desarrollo - Equipo 12","samuelpl0888@gmail.com",,"ready-for-agent, svc:identity-access-service",,,,,"2026-06-02T02:54:56.893Z","2026-06-02T03:01:30.760Z",,,,,,,,"",,,,"eaa61fde-29a7-469c-a56d-0df8dbd8fd92",58882,"DES-10","",
"DES-59","umbral-equipo-12","ENABLER - Sincronización multi-dispositivo por equipo","## What to build

Garantizar sincronización de estado compartido entre varios dispositivos participantes del mismo equipo, con reconexión y recuperación de estado.

## Acceptance criteria

- [ ] Los cambios relevantes del equipo se propagan a todos los dispositivos autorizados en tiempo real.
- [ ] Un participante reconectado recupera el estado vigente del equipo sin mezclar contexto de otros equipos.
- [ ] La solución contempla manejo de desconexiones temporales y reanudación de sesión.
- [ ] La sincronización conserva consistencia entre puntaje, progreso y eventos visibles del equipo.
- [ ] La propagación de estado entre dispositivos se realiza sobre el canal en tiempo real (SignalR/WebSockets), con reconexión y reanudación de grupos por equipo.

## Blocked by

HU-07B, HU-08, HU-22, HU-23","Backlog",,"High","fb419a0e-c700-4169-8801-21490db42f94","Umbral Proyecto Desarrollo - Equipo 12","samuelpl0888@gmail.com",,"Improvement, svc:cross-service",,,,,"2026-05-23T21:28:02.750Z","2026-07-09T16:27:22.337Z",,,,,,,,"",,,,"ca211997-3810-4117-af86-4e201697a9d3",72169,"DES-77, DES-31, DES-12","DES-13",
"DES-92","umbral-equipo-12","ENABLER - Publicar ClueReleased a RabbitMQ (MassTransit)","## What to build

Publicar el evento de dominio `ClueReleased` a RabbitMQ cuando se libera una pista, para consumo asíncrono por el historial/auditoría de sesión (`scoring-monitoring`). Cubre ambas formas de liberación:

* **Manual** (HU-26 / [DES-36](https://linear.app/desarrollo-equipo-12/issue/DES-36/hu-26-liberacion-manual-de-pistas)): asociado a equipo, sesión, etapa y pista.
* **Condicionada por reglas de avance** (HU-27 / [DES-37](https://linear.app/desarrollo-equipo-12/issue/DES-37/hu-27-liberacion-condicionada-por-reglas-de-avance)): además transporta la condición de avance que la disparó.

Ambas liberaciones publican el **mismo contrato** `ClueReleased`.

## Contexto / por qué es un enabler separado

El valor central de HU-26/HU-27 (liberar pista, no a otros equipos, sin doble liberación, registro en historial local) no depende de mensajería y se entrega en [DES-36](https://linear.app/desarrollo-equipo-12/issue/DES-36/hu-26-liberacion-manual-de-pistas)/[DES-37](https://linear.app/desarrollo-equipo-12/issue/DES-37/hu-27-liberacion-condicionada-por-reglas-de-avance) de forma independiente. La publicación a RabbitMQ se separa porque:

* Su único consumidor es el historial de auditoría ([DES-56](https://linear.app/desarrollo-equipo-12/issue/DES-56/hu-40a-historial-de-eventos-de-sesion)), hoy en Backlog: publicar antes emitiría un evento sin consumidor.
* La migración a MassTransit (#164/#165/#166) elimina el `IIntegrationEventPublisher` a mano; `ClueReleased` debe nacer MassTransit-native y no tocar el publisher antiguo.

## Acceptance criteria

- [ ] Tras el éxito transaccional de una liberación de pista (manual o condicionada), el sistema publica `ClueReleased` a RabbitMQ, sin que el flujo principal dependa de RabbitMQ (best-effort).
- [ ] El contrato `ClueReleased` transporta equipo, sesión, etapa y pista; para la liberación condicionada, además la condición de avance que la disparó.
- [ ] La publicación sigue las convenciones MassTransit de #164/#165/#166: `IPublishEndpoint.Publish(...)` directo desde el handler MediatR, con `[EntityName(""session-clue-released"")]` en el contrato. No se usa el antiguo `IIntegrationEventPublisher` (eliminado en #166).
- [ ] Un test de integración (Testcontainers.RabbitMq) publica `ClueReleased` a través del handler/bus real y un consumidor enlazado lo recibe; el test se omite con elegancia cuando Docker no está disponible.

## Prerrequisito

* **#164** debe establecer el bus MassTransit + RabbitMQ antes de esta publicación.

## Blocks

* [DES-56](https://linear.app/desarrollo-equipo-12/issue/DES-56/hu-40a-historial-de-eventos-de-sesion) (HU-40A): el historial de auditoría consume `ClueReleased`; su completitud depende de este enabler.","Backlog",,"No priority","fb419a0e-c700-4169-8801-21490db42f94","Umbral Proyecto Desarrollo - Equipo 12","samuelpl0888@gmail.com",,"Improvement, svc:session-operations-service",,,,,"2026-07-11T19:43:57.065Z","2026-07-11T19:43:57.580Z",,,,,,,,"",,,,"6e0fe1d9-8cf8-4e42-9452-6a1ae34992ce",1713,"DES-37, DES-36","",
"DES-60","umbral-equipo-12","ENABLER - Publicación de eventos de dominio a RabbitMQ","## What to build

Desacoplar procesos secundarios mediante eventos publicados cuando ocurren evidencias o cambios significativos de sesión, demostrando al menos un workflow end-to-end. La evidencia abarca sus dos formas bajo el umbral `EvidenceSubmission`: el escaneo QR de búsqueda del tesoro y la respuesta de trivia, cada una con sus eventos especializados.

## Acceptance criteria

- [ ] Al registrarse una evidencia (escaneo QR de búsqueda del tesoro o respuesta de trivia), el sistema publica el evento de dominio correspondiente.
- [ ] Al ocurrir cambios significativos de sesión, el sistema publica eventos asociados.
- [ ] La publicación de eventos no reemplaza la persistencia principal del negocio.
- [ ] Los eventos publicados pueden ser consumidos por flujos secundarios de auditoría, notificación y recálculo secundario o soporte de proyecciones.
- [ ] Se demuestra al menos un workflow relevante; p. ej. el flujo QR de dos hechos ordenados `EvidenceSubmissionRegistered` (intake) y luego `TargetResolved` (coincidencia automática de objetivo) publicados tras éxito transaccional y consumidos por audit/history, notification y secondary recalculation/projection. La forma de trivia publica su propio evento (`AnswerRegistered`). Se descarta el evento único `QrTargetResolved`; ver ADR-0010 (en revisión).

## Blocked by

HU-31, HU-37A, HU-40A","Backlog",,"Medium","fb419a0e-c700-4169-8801-21490db42f94","Umbral Proyecto Desarrollo - Equipo 12","samuelpl0888@gmail.com",,"Improvement, svc:cross-service, svc:scoring-monitoring-service, svc:session-operations-service",,,,,"2026-05-23T21:28:03.976Z","2026-06-16T20:10:39.295Z",,,,,,,,"",,,,"98cf41f0-14d6-44e5-ad60-1fc5a6992ca3",72169,"","DES-42, DES-40, DES-56, DES-51",
"DES-61","umbral-equipo-12","ENABLER - Consultas separadas de comandos","## What to build

Implementar consultas de misiones, sesiones, equipos y ranking separadas de los flujos de escritura siguiendo el enfoque CQRS requerido.

## Acceptance criteria

- [ ] El sistema permite consultar misiones sin ejecutar comandos de modificación.
- [ ] El sistema permite consultar sesiones y equipos desde flujos de lectura dedicados.
- [ ] El ranking puede recuperarse mediante una consulta específica.
- [ ] Las consultas exponen información coherente con el estado persistido del sistema.

## Blocked by

HU-25A, HU-25B, HU-39","Backlog",,"Medium","fb419a0e-c700-4169-8801-21490db42f94","Umbral Proyecto Desarrollo - Equipo 12","samuelpl0888@gmail.com",,"Improvement, svc:cross-service",,,,,"2026-05-23T21:28:05.173Z","2026-07-09T17:18:48.861Z",,,,,,,,"",,,,"4d38356d-d1eb-4664-88dc-613bc0994995",72169,"","DES-34, DES-35, DES-54",
"DES-58","umbral-equipo-12","ENABLER - Cliente móvil de participantes en React Native","## What to build

Implementar el cliente móvil multiplataforma de participantes en React Native/Expo conectado al mismo backend y backbone en tiempo real que la web operativa.

## Acceptance criteria

- [ ] El cliente móvil permite autenticación individual mediante el flujo definido por la plataforma.
- [ ] El cliente se integra con los mismos servicios backend y canales en tiempo real que usa la operación web.
- [ ] La implementación se defiende como una extensión React Native, no como apps nativas separadas.
- [ ] El cliente cubre los flujos comprometidos de participación para TreasureHunt y Trivia.
- [ ] El cliente consume los canales en tiempo real (SignalR/WebSockets) del backend para estado, temporizador, ranking y revelaciones, sin recarga manual.

## Blocked by

HU-06, HU-08, HU-23, HU-25B, HU-35","Backlog",,"High","fb419a0e-c700-4169-8801-21490db42f94","Umbral Proyecto Desarrollo - Equipo 12","samuelpl0888@gmail.com",,"Improvement, svc:cross-service",,,,,"2026-05-23T21:28:01.661Z","2026-06-01T22:57:33.162Z",,,,,,,,"",,,,"13ab3101-a7eb-4a95-a458-ccdc580e1a0a",72169,"DES-10, DES-31","DES-48, DES-13, DES-35",
"DES-93","umbral-equipo-12","Temporizador de subetapa TreasureHunt nunca implementado — DES-77 AC#1 pendiente (tablero muestra 00:00 / Expired)","## Contexto

Detectado durante la verificación en dispositivo de **HU-23 (**[DES-31](https://linear.app/desarrollo-equipo-12/issue/DES-31/hu-23-tablero-de-equipo-en-vivo)**)** — tablero de equipo en vivo de búsqueda del tesoro. El widget de temporizador del tablero móvil muestra siempre `00:00 / Expired` en una subetapa `TreasureHunt`, y el panel del operador muestra `--:-- / NO QUESTION`.

No es un artefacto del seed ni depende de `scheduledAt`/`MaximumTimeMinutes`. Es una **funcionalidad no implementada**.

## Causa raíz (verificada en código)

El temporizador autoritativo que consume el tablero está cableado **solo a la ventana de la pregunta de trivia activa**. En una subetapa de búsqueda del tesoro no hay pregunta activa, por lo que la duración restante es `TimeSpan.Zero` → `IsExpired == true`.

Cadena:

* Móvil `useSessionTimer` → `getParticipantTimerSnapshot`
* → `GetParticipantSessionTimerSnapshotQueryHandler.cs:39` → `liveSession.GetAuthoritativeSessionTimerSnapshot(...)`
* → `LiveSession.GetAuthoritativeSessionTimerSnapshot` (`LiveSession.cs:299-302`) → `GetActiveQuestionTimerSnapshot` (ventana de la pregunta de trivia).
* Comentario en `LiveSession.cs:297-298`: *""a trivia question active → the TriviaQuestionTimer window; **otherwise no advancing countdown.**""*
* `_questionTimerRemainingDuration` es `TimeSpan.Zero` cuando no hay pregunta activa (`LiveSession.cs:65`), y `IsExpired => RemainingDuration <= TimeSpan.Zero` (`AuthoritativeSessionTimerSnapshot.cs:37`).

## Por qué es deuda de [DES-77](https://linear.app/desarrollo-equipo-12/issue/DES-77/realinear-hu-22-temporizador-autoritativo-por-substageplaymode-activo)

[DES-77](https://linear.app/desarrollo-equipo-12/issue/DES-77/realinear-hu-22-temporizador-autoritativo-por-substageplaymode-activo) (Realinear HU-22 — temporizador autoritativo por `SubstagePlayMode` activo, **marcado Done** el 2026-07-05) definió en su primer criterio de aceptación:

> El temporizador autoritativo se determina por el `SubstagePlayMode` de la subetapa activa:
>
> * `Trivia`: ventana de tiempo sincronizada de la pregunta activa snapshoteada; avance dirigido por timer.
> * `TreasureHunt`**: tiempo aplicable de la subetapa de búsqueda activa.**

Solo se implementó la rama `Trivia`. La rama `TreasureHunt` (""tiempo aplicable de la subetapa de búsqueda activa"") **nunca se implementó**; el ticket se cerró con AC#1 incompleto. [DES-77](https://linear.app/desarrollo-equipo-12/issue/DES-77/realinear-hu-22-temporizador-autoritativo-por-substageplaymode-activo) figura además como bloqueante de [DES-31](https://linear.app/desarrollo-equipo-12/issue/DES-31/hu-23-tablero-de-equipo-en-vivo) (HU-23).

## Decisión de diseño (2026-07-12) — resuelta

La ""pregunta abierta"" queda cerrada. **Origen de la duración:** las subetapas `TreasureHunt` llevan su **propio campo** `MaximumTime` **explícito**, en paralelo a cómo el tiempo de una subetapa de trivia se deriva de la suma de las cuentas atrás de sus preguntas. Trivia sigue derivándose de las preguntas; búsqueda del tesoro obtiene un campo nuevo y explícito. **Anclaje:** la cuenta atrás arranca en la **activación de la subetapa** y **se congela en pausa** (paridad con la regla de trivia de [DES-77](https://linear.app/desarrollo-equipo-12/issue/DES-77/realinear-hu-22-temporizador-autoritativo-por-substageplaymode-activo)).

Es una feature de **dos servicios con migración**. `Substage` tiene `PlayMode` pero **ningún campo de tiempo**, y tampoco lo tiene el `SubstageSnapshot` en runtime. (Re-verificar contra el código antes de implementar.)

**Fase 1 — mission-design-service** (hogar del campo):

* Añadir `MaximumTime` a `Substage` para `TreasureHunt` (p. ej. `CreateTreasureHunt(title, seq, maxTime)`), validado requerido/positivo para `TreasureHunt`; trivia sin cambios.
* Config EF Core + migración PostgreSQL (columna nueva).
* Comando/API de autoría + validadores.

**Fase 2 — session-operations-service** (consumo):

* Añadir `MaximumTime` al `SubstageSnapshot` y transportarlo en la proyección del runtime-snapshot en `POST /api/sessions`.
* En `LiveSession`, añadir un timer de subetapa `TreasureHunt` sembrado desde el `MaximumTime` de la subetapa activa, anclado en la activación de la subetapa y congelado en pausa — **espejar la maquinaria del question-timer** (`ResumeQuestionTimer` / `FreezeQuestionTimer` / `CalculateAdvancingQuestionTimerRemaining`, `LiveSession.cs` ~764–799).
* Ramificar `GetAuthoritativeSessionTimerSnapshot` según el `PlayMode` de la subetapa activa; `AuthoritativeSessionTimerWorker` decide la expiración (solo-reporte vs auto-avance).

Anclas ya presentes en `LiveSession.cs`: `StartedAt` (`StartedAt ??= occurredAt` ~línea 689), `MaximumTime` a nivel de sesión (seed 60 min), `PausedAt` / `LastStateChangedAt`.

**Móvil no requiere cambios** — el tablero ya renderiza el temporizador; empezará a contar en cuanto el snapshot lleve un valor distinto de cero.

**Rama:** trabajo en una rama nueva `des-93` desde `develop` — **NO** plegado en el PR del tablero de HU-23 (concern/servicio distinto).

## Criterios de aceptación

- [ ] En una subetapa `TreasureHunt` activa, `GetAuthoritativeSessionTimerSnapshot` devuelve una cuenta atrás con sentido (no `Zero`/`Expired`), derivada del `MaximumTime` de la subetapa de búsqueda activa.
- [ ] El tablero móvil (HU-23) muestra ese temporizador contando hacia abajo, alineado con el reloj de la sesión.
- [ ] Pausa congela el timer de búsqueda del tesoro (paridad con la regla de trivia de [DES-77](https://linear.app/desarrollo-equipo-12/issue/DES-77/realinear-hu-22-temporizador-autoritativo-por-substageplaymode-activo)).
- [X] Definido y documentado el anclaje/origen de la duración de la subetapa de búsqueda del tesoro. → **campo** `MaximumTime` **propio por subetapa** `TreasureHunt`**; cuenta desde la activación; congela en pausa** (ver ""Decisión de diseño"" arriba).
- [ ] Cobertura de pruebas para la rama `TreasureHunt` del snapshot autoritativo.

## Mientras tanto (HU-23)

HU-23 se entrega con esto como limitación conocida (igual que `currentScore`/`resolvedTargets` en 0 hasta HU-31). Opcionalmente, el tablero móvil puede ocultar/neutralizar el chip de temporizador en modo `TreasureHunt` en lugar de mostrar un `Expired` engañoso — hasta que aterrice este ticket.

Relaciona: [DES-77](https://linear.app/desarrollo-equipo-12/issue/DES-77/realinear-hu-22-temporizador-autoritativo-por-substageplaymode-activo) (HU-22, AC#1 incompleto), [DES-31](https://linear.app/desarrollo-equipo-12/issue/DES-31/hu-23-tablero-de-equipo-en-vivo) (HU-23, donde se detectó).","Todo",,"Medium","fb419a0e-c700-4169-8801-21490db42f94","Umbral Proyecto Desarrollo - Equipo 12","samuelpl0888@gmail.com",,"canon-realign, Feature, svc:mission-design-service, svc:session-operations-service",,,,,"2026-07-12T04:54:17.006Z","2026-07-12T23:15:34.093Z",,,,,,,,"",,,,"4339ad11-71ff-4a59-b1b3-63293a61d112",61,"DES-31, DES-77","",
"DES-57","umbral-equipo-12","HU-40B - Historial de puntaje, ranking y revisión post sesión","## What to build

Extender la revisión histórica de sesión para incluir cambios de puntaje, eventos de ranking y visibilidad de sesiones finalizadas o canceladas.

## Acceptance criteria

- [ ] El historial muestra cambios de puntaje relevantes.
- [ ] El historial muestra eventos de ranking cuando aplique.
- [ ] Las sesiones finalizadas o canceladas siguen visibles para revisión histórica.
- [ ] La vista histórica conserva el contexto suficiente para revisar decisiones posteriores.
- [ ] La consolidación histórica de puntaje y ranking se construye de forma asíncrona consumiendo los eventos de puntaje/ranking publicados en RabbitMQ, sin que el flujo principal dependa de RabbitMQ.

## Blocked by

HU-40A, HU-37, HU-39","Todo",,"High","fb419a0e-c700-4169-8801-21490db42f94","Umbral Proyecto Desarrollo - Equipo 12","samuelpl0888@gmail.com",,"Feature, svc:scoring-monitoring-service",,,,,"2026-05-23T21:28:00.478Z","2026-07-12T23:15:47.290Z",,,,,,,,"",,,,"dcba9d87-d9cd-4b1d-87e1-3c06bc8ef043",61,"","DES-56, DES-54, DES-51",
"DES-56","umbral-equipo-12","HU-40A - Historial de eventos de sesión","## What to build

Permitir consultar el historial de una sesión con cambios de estado, liberación de pistas, envíos de evidencia y penalizaciones. Los envíos de evidencia incluyen ambas formas bajo el umbral `EvidenceSubmission`: escaneos QR de búsqueda del tesoro (`TreasureEvidenceSubmission`) y respuestas de trivia (`TriviaAnswerSubmission`).

## Acceptance criteria

- [ ] El operador puede consultar el historial de eventos por sesión.
- [ ] El historial muestra los cambios de estado de la sesión, obtenidos por lectura directa de session-operations (no vía RabbitMQ).
- [ ] El historial muestra liberación de pistas, evidencias (QR y respuestas de trivia) y penalizaciones.
- [ ] El historial conserva la secuencia de eventos relevante para auditoría.
- [ ] La consolidación del historial —liberación de pistas, evidencias (QR y respuestas de trivia) y penalizaciones— se construye de forma asíncrona consumiendo los eventos de dominio publicados en RabbitMQ (`ClueReleased`, `EvidenceSubmissionRegistered`/`TargetResolved`/`AnswerRegistered`, `PenaltyApplied`) mediante consumidores MassTransit (`IConsumer<...>`), sin que el flujo principal dependa de RabbitMQ. Los cambios de estado de sesión no se consumen por RabbitMQ.

> **Consumo (MassTransit).** Los consumidores del lado `scoring-monitoring` siguen las convenciones de #164/#165/#166 (bus MassTransit + RabbitMQ, `IConsumer<...>`), no un `BasicConsume` a mano. **Prerrequisito: #164** establece el stack MassTransit. Los cambios de estado de sesión (pausa/reanudación/cancelación) quedan fuera del consumo por RabbitMQ por decisión de alcance (2026-07-11): se obtienen por lectura directa de session-operations.

## Blocked by

HU-21B, HU-26, HU-31, HU-38","Todo",,"High","fb419a0e-c700-4169-8801-21490db42f94","Umbral Proyecto Desarrollo - Equipo 12","samuelpl0888@gmail.com",,"Feature, svc:scoring-monitoring-service, svc:session-operations-service",,,,,"2026-05-23T21:27:59.039Z","2026-07-12T23:16:05.852Z",,,,,,,,"",,,,"5c4ce552-ce3f-4d5f-89d5-c4e2059f1e81",61,"","DES-92, DES-42, DES-29, DES-36, DES-53",
"DES-54","umbral-equipo-12","HU-39 - Ranking en tiempo real de la sesión","## What to build

Derivar el `Ranking` de la sesión a partir del ledger de puntaje, refrescarlo tras cada hecho que afecte el puntaje, y exponer la posición del equipo en tiempo real a participantes y operación. `Ranking` pertenece a exactamente una `LiveSession` y cubre todas sus subetapas, cualquiera sea su `SubstagePlayMode`.

## Acceptance criteria

- [ ] El sistema muestra el ranking ordenado de mayor a menor puntaje.
- [ ] Cuando existe empate, el sistema aplica el criterio de tiempo de resolución definido.
- [ ] El ranking se actualiza tras cada hecho que afecte el puntaje: validaciones, respuestas correctas, penalizaciones, cierre de pregunta de trivia o progreso relevante.
- [ ] La proyección de ranking toma como fuente el ledger de puntaje.
- [ ] El ranking queda disponible para participantes y operación en tiempo real.
- [ ] El ranking se difunde a participantes y operación en tiempo real vía SignalR/WebSockets cuando cambia.
- [ ] La proyección de ranking se actualiza consumiendo los eventos de puntaje publicados en RabbitMQ, de forma asíncrona respecto al flujo principal.

> **Transporte (MassTransit).** La proyección de ranking consume los eventos de puntaje (`ScoreEntryRegistered`, publicados por HU-37/[DES-51](https://linear.app/desarrollo-equipo-12/issue/DES-51/hu-37-ledger-de-puntaje-por-validaciones-respuestas-y-penalizaciones)) vía MassTransit + RabbitMQ (`IConsumer<...>`, exchange por-tipo con `[EntityName(...)]`), no un `BasicConsume` a mano. `scoring-monitoring` es greenfield y nace MassTransit-native, siguiendo las convenciones establecidas por la migración #164/#165/#166.

## Blocked by

HU-33B, HU-37

> **Fusión 2026-07-09.** `HU-39A` → `HU-39`. Absorbe HU-37B ([DES-52](https://linear.app/desarrollo-equipo-12/issue/DES-52/hu-37b-actualizacion-de-ranking-tras-cambios-de-puntaje), refresco de ranking tras cambios de puntaje) y HU-39B ([DES-55](https://linear.app/desarrollo-equipo-12/issue/DES-55/hu-39b-ranking-en-tiempo-real-para-sesiones-de-trivia), ranking de trivia). El modelo canónico tiene un `Ranking` por `LiveSession`; la trivia es una subetapa dentro de una misión, no una sesión aparte, de modo que el split misión/trivia carecía de referente. De [DES-52](https://linear.app/desarrollo-equipo-12/issue/DES-52/hu-37b-actualizacion-de-ranking-tras-cambios-de-puntaje) se conserva la AC de fuente-ledger; de [DES-55](https://linear.app/desarrollo-equipo-12/issue/DES-55/hu-39b-ranking-en-tiempo-real-para-sesiones-de-trivia), la AC de proyección asíncrona vía RabbitMQ y el cierre de pregunta como hecho que afecta el puntaje. Ver `backend/docs/prd/DES-85-*.md`.","Todo",,"High","fb419a0e-c700-4169-8801-21490db42f94","Umbral Proyecto Desarrollo - Equipo 12","samuelpl0888@gmail.com",,"canon-realign, Feature, svc:scoring-monitoring-service",,,,,"2026-05-23T21:27:56.814Z","2026-07-12T23:16:14.358Z",,,,,,,,"",,,,"02a4aa28-0296-443d-a9a9-ea28de7fa412",61,"DES-55, DES-45, DES-86, DES-52","DES-51",
"DES-53","umbral-equipo-12","HU-38 - Aplicación de penalizaciones justificadas","## What to build

Permitir al operador registrar penalizaciones sobre un equipo con motivo explícito y momento de aplicación.

## Acceptance criteria

- [ ] El operador puede registrar una penalización sobre un equipo de una sesión asignada.
- [ ] Toda penalización exige un motivo explícito.
- [ ] El sistema registra el momento de aplicación de la penalización.
- [ ] La penalización impacta el puntaje del equipo de acuerdo con las reglas vigentes.
- [ ] Tras el éxito transaccional, la penalización publica un evento de dominio (p. ej. PenaltyApplied/ScoreEntryRegistered) a RabbitMQ para recálculo secundario y auditoría, sin que el flujo principal dependa de RabbitMQ.

> **Propiedad de servicio y mensajería (clarificación 2026-07-12).**
>
> * **Dónde se aplica.** La penalización se aplica y persiste en `scoring-monitoring-service`, dueño canónico de `Penalty` y del ledger `ScoreEntry` (ver PRD [DES-85](https://linear.app/desarrollo-equipo-12/issue/DES-85/prd-primera-implementacion-de-scoring-monitoring-service-hu-37-a-hu-40) y `ddd_solution_model.md` / `bd_umbral_entity_spec.md` §`Penalty`). La doble etiqueta `svc:session-operations-service` refleja **únicamente** el guard de autorización `Proxy`: el operador solo puede penalizar a un equipo de una sesión **asignada a él**, y esa asignación vive en session-operations. No implica co-propiedad de la escritura.
> * **Patrones exigidos.** `Strategy` (`PenaltyPolicy` elegibilidad + `ScorePolicy` impacto) y `Proxy` (guard por sesión asignada) — ver `required_patterns_matrix.md`.
> * **Mensajería.** La publicación de `PenaltyApplied` / `ScoreEntryRegistered` debe ser **MassTransit-native** (`IPublishEndpoint.Publish(...)`, `[EntityName]`), **no** el antiguo seam `IIntegrationEventPublisher`, y está **gated por GH #164** (bootstrap del bus MassTransit + RabbitMQ). Ver `backend/docs/rabbitmq-clue-release-audit-scope-handoff-2026-07-11.md`.

## Blocked by

HU-19, HU-21A","Todo",,"High","fb419a0e-c700-4169-8801-21490db42f94","Umbral Proyecto Desarrollo - Equipo 12","samuelpl0888@gmail.com",,"Feature, svc:scoring-monitoring-service, svc:session-operations-service",,,,,"2026-05-23T21:27:18.539Z","2026-07-12T23:16:23.430Z",,,,,,,,"",,,,"f9608ba3-7e6d-49ea-847a-cdeba02aee8c",61,"DES-85, DES-88, DES-76, DES-26","DES-51",
"DES-51","umbral-equipo-12","HU-37 - Ledger de puntaje por validaciones, respuestas y penalizaciones","## What to build

Mantener el puntaje total de cada equipo como derivado de registros de puntaje originados por evidencia válida, respuesta correcta o penalizaciones. La evidencia válida proviene de cualquiera de las dos formas bajo el umbral `EvidenceSubmission`: la resolución de objetivo QR de búsqueda del tesoro (`TargetResolved`, HU-31) y la respuesta de trivia correcta (`TriviaAnswerSubmission`, HU-34).

## Acceptance criteria

- [ ] Cuando una evidencia válida (QR resuelto o respuesta de trivia correcta) o una penalización impacta el puntaje, el puntaje del equipo se actualiza.
- [ ] Cada cambio de puntaje genera un registro con su origen de cambio (`sourceEntityType` que distingue, p. ej., `TargetResolution` vs `TriviaAnswerSubmission`).
- [ ] El puntaje total del equipo se obtiene a partir de los registros existentes.
- [ ] Cada registro de puntaje publica un evento de dominio (p. ej. `ScoreEntryRegistered`) a RabbitMQ para recálculo secundario/soporte de proyecciones, sin que el flujo principal dependa de RabbitMQ.

> **Transporte (MassTransit).** El consumo de `AnswerRegisteredIntegrationEvent` y la publicación de `ScoreEntryRegistered` usan el stack MassTransit + RabbitMQ (`IConsumer<...>` / `IPublishEndpoint`, `[EntityName(...)]`), no un `BasicConsume` a mano ni el `RabbitMqIntegrationEventPublisher`. `session-operations` migra a MassTransit en #164/#165/#166: #166 elimina el exchange topic `umbral.session-operations`, de modo que hay que enlazar al exchange por-tipo `session-answer-registered`, **no** al routing key `session.answer.registered`. `scoring-monitoring` es greenfield → nace MassTransit-native.

## Blocked by

HU-31, HU-34

> **Corrección de dependencia 2026-07-12.** Se retiró HU-38 de los bloqueadores: la relación estaba invertida. HU-37 (el ledger `ScoreEntry`/`ScoreValue`) es la base y **bloquea** a HU-38 ([DES-53](https://linear.app/desarrollo-equipo-12/issue/DES-53/hu-38-aplicacion-de-penalizaciones-justificadas)), que sólo añade el hijo `Penalty` como una deducción `ScoreEntry` sobre este ledger. Ver `backend/docs/hu38-brief.md` (""HU-37 lands first"").

> **Renombrado 2026-07-09.** `HU-37A` → `HU-37`. HU-37B ([DES-52](https://linear.app/desarrollo-equipo-12/issue/DES-52/hu-37b-actualizacion-de-ranking-tras-cambios-de-puntaje)) se plegó en HU-39 ([DES-54](https://linear.app/desarrollo-equipo-12/issue/DES-54/hu-39-ranking-en-tiempo-real-de-la-sesion)), de modo que el split A/B quedó huérfano. Se eliminó además la AC duplicada *""El ranking se actualiza después de cambios que afecten el puntaje""*: la derivación y el refresco del ranking pertenecen a HU-39. Ver `backend/docs/prd/DES-85-*.md`.","Todo",,"Medium","fb419a0e-c700-4169-8801-21490db42f94","Umbral Proyecto Desarrollo - Equipo 12","samuelpl0888@gmail.com",,"Feature, svc:scoring-monitoring-service",3,"Cycle 3","2026-06-29T04:00:00.000Z","2026-07-13T04:00:00.000Z","2026-05-23T21:27:15.186Z","2026-07-12T16:20:35.067Z",,,,,,,,"",,,,"855ab8e2-7ff8-4cdf-bd6b-5d695097435c",42715,"DES-46, DES-85, DES-87, DES-86","DES-42",
"DES-50","umbral-equipo-12","HU-36B - Revisión post-cierre de respuestas y puntos en trivia","## What to build

Permitir al operador revisar la respuesta enviada por cada equipo, su corrección y los puntos otorgados después del cierre de la pregunta.

## Acceptance criteria

- [ ] Después del cierre, el operador puede ver la respuesta enviada por cada equipo.
- [ ] Después del cierre, el operador puede ver si la respuesta fue correcta.
- [ ] Después del cierre, el operador puede ver los puntos otorgados.
- [ ] La vista se actualiza durante la sesión sin recarga manual.
- [ ] La revisión post-cierre se difunde al operador en tiempo real vía SignalR/WebSockets, sin recarga manual.

## Blocked by

HU-33B, HU-37A","Todo",,"Medium","fb419a0e-c700-4169-8801-21490db42f94","Umbral Proyecto Desarrollo - Equipo 12","samuelpl0888@gmail.com",,"Feature, svc:scoring-monitoring-service, svc:session-operations-service",3,"Cycle 3","2026-06-29T04:00:00.000Z","2026-07-13T04:00:00.000Z","2026-05-23T21:27:13.839Z","2026-06-15T22:52:21.325Z",,,,,,,,"",,,,"adf62e59-9d31-4829-8a06-7ad1dc5c688b",38965,"DES-45","DES-51",
"DES-48","umbral-equipo-12","HU-35 - Revelación de resultado y explicación en trivia","## What to build

Mostrar al participante el resultado de cada ronda de trivia, incluyendo respuesta correcta, explicación opcional y estado de acierto del equipo.

## Acceptance criteria

- [ ] Al cerrarse la pregunta, el sistema revela cuál era la opción correcta.
- [ ] Si existe explicación configurada, el participante puede verla tras el cierre.
- [ ] El sistema informa si la respuesta del equipo fue correcta o incorrecta.
- [ ] Después del cierre, el equipo puede ver el ranking actualizado.
- [ ] La revelación de respuesta correcta, explicación y resultado se difunde a los participantes en tiempo real vía SignalR/WebSockets tras el cierre.

## Blocked by

HU-33B, HU-39","Todo",,"Medium","fb419a0e-c700-4169-8801-21490db42f94","Umbral Proyecto Desarrollo - Equipo 12","samuelpl0888@gmail.com",,"Feature, svc:scoring-monitoring-service, svc:session-operations-service",3,"Cycle 3","2026-06-29T04:00:00.000Z","2026-07-13T04:00:00.000Z","2026-05-23T21:27:11.249Z","2026-07-09T17:17:42.898Z",,,,,,,,"",,,,"2168260e-dcac-4515-bad5-6590cca592a3",42700,"DES-45","DES-54",
"DES-43","umbral-equipo-12","HU-32 - Trazabilidad de evidencias","## What to build

Permitir al operador revisar el detalle de cada evidencia enviada con su estado de validación y motivo de rechazo cuando aplique. La trazabilidad cubre las dos formas de evidencia del umbral `EvidenceSubmission`: escaneos QR de búsqueda del tesoro (`TreasureEvidenceSubmission`, HU-31) y respuestas de trivia (`TriviaAnswerSubmission`, HU-34).

> **Trazabilidad/auditoría sí; ****revisión mediada por operador ****no.** Ambas formas de evidencia son auto-resueltas por el sistema (la coincidencia de objetivo QR y la corrección de trivia se deciden automáticamente), por lo que la revisión humana de evidencia queda fuera de alcance. Esta HU entrega únicamente la trazabilidad/historial de evidencias de ambas formas. Ver ADR-0010 (en revisión).

## Acceptance criteria

- [ ] Cada evidencia registrada conserva fecha y hora del envío.
- [ ] Cada evidencia identifica equipo, sesión y subetapa (nodo de misión o pregunta de trivia) de origen.
- [ ] El sistema muestra el estado de validación de la evidencia.
- [ ] Si la evidencia fue rechazada, el sistema conserva el motivo del rechazo.
- [ ] La trazabilidad/historial de evidencias se alimenta de forma asíncrona consumiendo los eventos de dominio publicados en RabbitMQ, sin que el flujo principal dependa de RabbitMQ.

## Blocked by

HU-31, HU-30B","Todo",,"High","fb419a0e-c700-4169-8801-21490db42f94","Umbral Proyecto Desarrollo - Equipo 12","samuelpl0888@gmail.com",,"Feature, svc:scoring-monitoring-service, svc:session-operations-service",,,,,"2026-05-23T21:26:24.152Z","2026-07-12T23:16:31.412Z",,,,,,,,"",,,,"072d6f03-a5b7-4b7c-aaa6-518d57d65df8",60,"","DES-42, DES-41, DES-40",
"DES-42","umbral-equipo-12","HU-31 - Escaneo, validación y registro server-side de objetivo QR","## What to build

Permitir que un participante escanee un QR o token para que el backend valide el contexto y el **objetivo (**`Target`**) vigente de** **la subetapa activa de búsqueda del tesoro**, registre el resultado para el equipo y publique los eventos de dominio correspondientes. HU-31 implementa la **forma ****QR** **/** **de** **búsqueda del tesoro de la** **evidencia** (`TreasureEvidenceSubmission`), una de las dos formas concretas del umbral `EvidenceSubmission`. La otra forma es la respuesta de trivia (`TriviaAnswerSubmission`, HU-34A/34B).

> HU-31 especializa el intake genérico de evidencia (HU-29) y la validación de contexto (HU-30A) para el caso QR. Reemplaza la redacción previa que trataba QR como el único modo de evidencia y la respuesta de trivia como un mecanismo no-evidencia. Ver ADR-0010 (**Accepted 2026-07-10**).

## Acceptance criteria

- [ ] El sistema recibe el QR o token escaneado por el participante.
- [ ] El sistema valida sesión, equipo y contexto de misión antes de aceptar el escaneo.
- [ ] El sistema valida que el objetivo (`Target`) pertenezca a la subetapa activa de búsqueda del tesoro (un `MissionNode`), no a la `Stage` ni a una `Clue`.
- [ ] El sistema no acepta escaneos cuando la sesión está pausada, finalizada o cancelada.
- [ ] El intake es incondicional: cada escaneo registra una `EvidenceSubmission` (`EvidenceValidationState = pending`) y publica `EvidenceSubmissionRegistered` tras el éxito transaccional.
- [ ] El backend valida el QR escaneado contra el `Target` vigente de la subetapa activa. El `Target` es el objetivo QR-validado; una `Clue` es **guía opcional** asociada al `Target` (a lo sumo una por `Target`) y **nunca** es el objeto de validación ni avanza la subetapa al liberarse.
- [ ] Si la coincidencia es correcta, el `Target` queda resuelto para el equipo, la evidencia pasa a `accepted` y se publica `TargetResolved`, asociado a equipo, sesión y `MissionNode` válido de la subetapa activa.
- [ ] El evento `TargetResolved` transporta el `ScoreValue` (entero 1-100) del `Target` resuelto, siguiendo el precedente de `AnswerRegisteredEvent` (HU-34, commit `f2edb1e`), que ya transporta `isCorrect` + `scoreValue` explícitamente ""so downstream scoring can consume it"". `scoring-monitoring` ([DES-51](https://linear.app/desarrollo-equipo-12/issue/DES-51/hu-37-ledger-de-puntaje-por-validaciones-respuestas-y-penalizaciones)) necesita ese número para construir el `ScoreEntry`; el ledger no lo recomputa ni lo lee de `mission-design`.
- [ ] Un escaneo incorrecto, inválido, duplicado o fuera de contexto se auto-rechaza (`rejected`) informando el motivo de forma consistente; no se publica `TargetResolved`.
- [ ] Ambos eventos (`EvidenceSubmissionRegistered`, `TargetResolved`) se publican a RabbitMQ dentro de la misma transacción para consumo asíncrono (auditoría/historial, notificación, recálculo/proyección), sin que el flujo principal dependa de RabbitMQ.

## Blocked by

HU-21A, HU-22, HU-23

## Notas

* Decisión de alcance 2026-06-15, actualizada 2026-06-16, **ratificada 2026-07-10** (ADR-0010, `Accepted`): la evidencia tiene exactamente dos formas concretas bajo el umbral `EvidenceSubmission` — QR de búsqueda del tesoro (`TreasureEvidenceSubmission`, esta HU) y respuesta de trivia (`TriviaAnswerSubmission`, HU-34A/34B). El flujo QR son dos hechos ordenados: `EvidenceSubmissionRegistered` (intake) y luego `TargetResolved` (resolución automática del objetivo; un escaneo incorrecto se auto-rechaza). Se descarta el renombre a evento único `QrTargetResolved`. La revisión mediada por operador de evidencia queda fuera de alcance porque ambas formas vigentes son auto-resueltas por el sistema. PRD [DES-70](https://linear.app/desarrollo-equipo-12/issue/DES-70/prd-primera-implementacion-de-session-operations-service-hu-15-a-hu-36).
* **Payload de** `TargetResolved` **— heredado de** [DES-86](https://linear.app/desarrollo-equipo-12/issue/DES-86/refactor-puntaje-por-objetivo-per-target-scorevalue-en-lugar-de-winner) **(2026-07-10).** El modelo de datos per-target ya está en `develop`: `Target.Score` es un `ScoreValue` no-nulable validado 1..100 y `WinnerScore` fue eliminado. Pero el paso **F2** del rollout de [ADR-0015](<https://github.com/grupo-12-desarrollo-umbral/umbral/blob/develop/backend/docs/adr/0015-per-target-scoring-ownership.md>) — emitir `TargetResolved` con el `ScoreValue` — quedó diferido: no existía flujo de resolución de objetivo desde el cual emitirlo. Ese flujo es esta HU, así que la AC correspondiente vive ahora aquí. `TargetResolved` aparece hoy en cero archivos `.cs`.
* **Spec desbloqueado (2026-07-10).** [ADR-0010](<https://github.com/grupo-12-desarrollo-umbral/umbral/blob/develop/backend/docs/adr/0010-evidence-qr-only-first-delivery.md>) pasó a `Accepted` y ahora tiene sección `## Status`. Fija el orden de los dos hechos `EvidenceSubmissionRegistered` → `TargetResolved`, que era la última decisión abierta sobre la forma del evento. **El spec de esta HU ya puede generarse.**
* **Nota de implementación:** `TargetSnapshot.Score` en `session-operations` es hoy un `int?` sin cota superior — el `ScoreValue` que esta HU va a leer para el payload no está garantizado estructuralmente en rango 1..100. Ver [DES-87](https://linear.app/desarrollo-equipo-12/issue/DES-87/hardening-targetsnapshotscore-es-int-sin-cota-superior-el-rango-1100). No bloquea, pero conviene resolverlo antes de que el número llegue al ledger.","Todo",,"High","fb419a0e-c700-4169-8801-21490db42f94","Umbral Proyecto Desarrollo - Equipo 12","samuelpl0888@gmail.com",,"canon-realign, Feature, svc:session-operations-service",,,,,"2026-05-23T21:26:22.517Z","2026-07-12T23:16:38.831Z",,,,,,,,"",,,,"dcda3246-b0d2-4968-ab42-2106ab4e4a9f",60,"DES-70, DES-86, DES-77, DES-76, DES-31, DES-87, DES-40, DES-39","",
"DES-41","umbral-equipo-12","HU-30B - Rechazo explicado de evidencias inválidas","## What to build

Rechazar evidencias fuera de contexto o inconsistentes indicando el motivo de rechazo de forma explícita. Aplica a cualquier forma de evidencia bajo el umbral `EvidenceSubmission`: el escaneo QR de búsqueda del tesoro (HU-31) y la respuesta de trivia (HU-34; el rechazo de tardías/repetidas es parte de HU-34, que fusionó el antiguo split HU-34A/34B el 2026-07-09).

## Acceptance criteria

- [ ] Si la evidencia incumple una regla de negocio, el sistema la rechaza, sea cual sea su forma concreta.
- [ ] El rechazo indica el motivo de forma explícita.
- [ ] El rechazo conserva trazabilidad sobre sesión, equipo y subetapa (nodo de misión o pregunta de trivia) asociada.
- [ ] El resultado queda disponible para revisión posterior.

## Blocked by

HU-31","Todo",,"High","fb419a0e-c700-4169-8801-21490db42f94","Umbral Proyecto Desarrollo - Equipo 12","samuelpl0888@gmail.com",,"Feature, svc:session-operations-service",,,,,"2026-05-23T21:26:19.520Z","2026-07-12T23:16:56.396Z",,,,,,,,"",,,,"31094259-ca54-45ac-b63b-5e00096ccd7c",60,"","DES-42",
"DES-40","umbral-equipo-12","HU-30A - Validaciones de contexto para aceptación de evidencias","'> **Reabierta (2026-06-16) como validación de contexto compartida para aceptar** **evidencia****.** Aplica a cualquier forma de evidencia (QR de búsqueda del tesoro y respuesta de trivia) bajo el umbral `EvidenceSubmission`. Reemplaza la cancelación previa que la absorbía en HU-31 por considerar QR el único modo (ver ADR-0010, en revisión).

## What to build

Validar el contexto común (estado de sesión, equipo, membresía del participante, subetapa activa, ventana temporal y origen) antes de aceptar una evidencia, con independencia de su forma concreta. Las reglas específicas de cada forma (coincidencia de objetivo QR; primera respuesta válida de trivia) viven en HU-31 y HU-34A/B.

## Acceptance criteria

- [ ] El sistema valida sesión, equipo, membresía del participante y subetapa activa antes de aceptar la evidencia.
- [ ] El sistema valida que la evidencia esté asociada a exactamente un `MissionNode` de la subetapa activa — en una subetapa de trivia, la pregunta activa; en una subetapa de búsqueda del tesoro, el alcance de objetivo de la subetapa — y no a la `Stage` ni a una `Clue`.
- [ ] El sistema no acepta evidencias cuando la sesión está pausada, finalizada o cancelada, ni fuera de la ventana temporal válida.
- [ ] La aceptación solo ocurre cuando se cumplen las reglas de negocio del contexto comunes a todas las formas de evidencia.
- [ ] El evento de intake `EvidenceSubmissionRegistered` solo se publica tras pasar esta validación de contexto dentro de la misma transacción; el flujo principal no depende de RabbitMQ.

## Blocked by

HU-29","Todo",,"High","fb419a0e-c700-4169-8801-21490db42f94","Umbral Proyecto Desarrollo - Equipo 12","samuelpl0888@gmail.com",,"canon-realign, Feature, svc:session-operations-service",,,,,"2026-05-23T21:26:18.127Z","2026-07-12T23:17:20.646Z",,,,,,,,"",,,,"ed8f43f0-6fc2-4a37-869d-36ce1f8fe3f3",60,"DES-70, DES-42","DES-39",
"DES-39","umbral-equipo-12","HU-29 - Envío de evidencias por parte del equipo","'> **Reabierta (2026-06-16) como la historia paraguas de intake de evidencia.** *Evidencia* es el término genérico para una entrega de equipo que prueba o resuelve progreso en la subetapa activa de la misión. Sus formas concretas en la primera entrega son: el escaneo QR/token en búsqueda del tesoro (`TreasureEvidenceSubmission`, HU-31) y la respuesta del equipo en trivia (`TriviaAnswerSubmission`, HU-34). Esta HU cubre el contrato común de intake bajo el umbral `EvidenceSubmission`; las especializaciones viven en HU-31 y HU-34. Reemplaza la cancelación previa que afirmaba que QR era el único modo y que las respuestas de trivia no eran evidencia (ver ADR-0010, en revisión).

## What to build

Permitir que un equipo registre una `EvidenceSubmission` para la subetapa activa de su sesión, como base común de las formas concretas de evidencia (QR de búsqueda del tesoro y respuesta de trivia). Las formas concretas conservan sus tipos, reglas de validación y eventos propios.

## Acceptance criteria

- [ ] El participante puede registrar una evidencia vinculada a la subetapa activa válida (nodo de misión en búsqueda del tesoro; pregunta activa en trivia).
- [ ] Cada evidencia queda asociada exactamente a un equipo, una sesión y la subetapa activa de origen.
- [ ] El sistema bloquea el envío cuando la sesión no admite recepción (pausada, finalizada o cancelada).
- [ ] La evidencia queda registrada con la información necesaria para su validación/trazabilidad posterior (estado de validación inicial `pending`).
- [ ] Tras el éxito transaccional, el sistema publica el evento de dominio de intake `EvidenceSubmissionRegistered` a RabbitMQ para consumo asíncrono (auditoría/historial, notificación y recálculo secundario/proyección), sin que el flujo principal dependa de RabbitMQ.

## Notas

* Esta HU define solo el contrato común de intake bajo el umbral `EvidenceSubmission`. Las formas concretas y sus eventos especializados se entregan en HU-31 (QR, `EvidenceSubmissionRegistered` → `TargetResolved`) y HU-34 (respuesta de trivia, `AnswerRegistered`). *(HU-34 fusionó el antiguo split HU-34A/34B el 2026-07-09.)*

## Blocked by

HU-21A, HU-22, HU-23","Todo",,"High","fb419a0e-c700-4169-8801-21490db42f94","Umbral Proyecto Desarrollo - Equipo 12","samuelpl0888@gmail.com",,"Feature, svc:session-operations-service",,,,,"2026-05-23T21:26:16.868Z","2026-07-12T23:17:20.570Z",,,,,,,,"",,,,"0fb9ddb5-799d-423f-97b7-12dc98d8edcf",60,"DES-70, DES-42, DES-76, DES-77, DES-31, DES-86","",
"DES-38","umbral-equipo-12","HU-28 - Agregar pistas operativas durante sesión en vivo","## What to build

Permitir al operador agregar pistas operativas durante una sesión de misión activa o pausada sin modificar la misión original.

## Acceptance criteria

- [ ] El operador puede agregar una pista operativa durante una sesión activa o pausada.
- [ ] La pista agregada queda asociada solo a la sesión en curso.
- [ ] La pista agregada puede asignarse a uno o varios equipos según corresponda.
- [ ] La creación de la pista queda registrada en el historial de la sesión.

## Blocked by

HU-21A, HU-22, HU-23","Todo",,"Medium","fb419a0e-c700-4169-8801-21490db42f94","Umbral Proyecto Desarrollo - Equipo 12","samuelpl0888@gmail.com",,"canon-realign, Feature, svc:session-operations-service",3,"Cycle 3","2026-06-29T04:00:00.000Z","2026-07-13T04:00:00.000Z","2026-05-23T21:26:15.581Z","2026-07-09T16:26:21.947Z",,,,,,,,"",,,,"e816eff4-a14b-4145-9b08-3d4ce162fc21",38753,"DES-77, DES-76, DES-31","",
"DES-37","umbral-equipo-12","HU-27 - Liberación condicionada por reglas de avance","## What to build

Permitir que algunas pistas se habiliten automáticamente cuando se cumplan condiciones de avance definidas para el equipo dentro de la sesión.

## Acceptance criteria

- [ ] El sistema puede habilitar una pista cuando se cumple una condición de avance definida.
- [ ] La habilitación automática respeta el contexto del equipo dentro de la sesión.
- [ ] Si la pista ya fue completada, el sistema no la libera nuevamente.
- [ ] Toda habilitación automática queda registrada con su contexto de origen.

> **Publicación a RabbitMQ — fuera de alcance aquí.** La publicación del evento `ClueReleased` (que en el caso condicionado transporta la condición de avance que la disparó) se separó al enabler [DES-92](https://linear.app/desarrollo-equipo-12/issue/DES-92/enabler-publicar-cluereleased-a-rabbitmq-masstransit), gated por #164 (MassTransit) y alineado con el consumidor [DES-56](https://linear.app/desarrollo-equipo-12/issue/DES-56/hu-40a-historial-de-eventos-de-sesion). Esta HU entrega la habilitación automática y su registro local de forma independiente.

## Blocked by

HU-21A, HU-23, HU-26","Todo",,"Medium","fb419a0e-c700-4169-8801-21490db42f94","Umbral Proyecto Desarrollo - Equipo 12","samuelpl0888@gmail.com",,"canon-realign, Feature, svc:session-operations-service",3,"Cycle 3","2026-06-29T04:00:00.000Z","2026-07-13T04:00:00.000Z","2026-05-23T21:26:14.282Z","2026-07-11T19:44:16.041Z",,,,,,,,"",,,,"3aedfdcc-15a0-4df2-ba21-4d7e3d16acd5",38754,"DES-76, DES-31, DES-92","DES-36",
"DES-36","umbral-equipo-12","HU-26 - Liberación manual de pistas","## What to build

Permitir al operador liberar pistas a un equipo durante una sesión válida sin afectar a otros equipos y con trazabilidad completa.

## Acceptance criteria

- [ ] El operador puede liberar una pista a un equipo durante una sesión válida.
- [ ] La liberación de una pista a un equipo no implica liberarla a otros equipos.
- [ ] Una misma pista no puede liberarse dos veces al mismo equipo para la misma etapa.
- [ ] La liberación queda registrada en el historial de la sesión.

> **Publicación a RabbitMQ — fuera de alcance aquí.** La publicación del evento `ClueReleased` para consumo asíncrono (historial/auditoría) se separó al enabler [DES-92](https://linear.app/desarrollo-equipo-12/issue/DES-92/enabler-publicar-cluereleased-a-rabbitmq-masstransit), gated por #164 (MassTransit) y alineado con el consumidor [DES-56](https://linear.app/desarrollo-equipo-12/issue/DES-56/hu-40a-historial-de-eventos-de-sesion). Esta HU entrega la liberación de pista y su registro local en historial de forma independiente.

## Blocked by

HU-21A, HU-22, HU-23","Todo",,"High","fb419a0e-c700-4169-8801-21490db42f94","Umbral Proyecto Desarrollo - Equipo 12","samuelpl0888@gmail.com",,"canon-realign, Feature, svc:session-operations-service",3,"Cycle 3","2026-06-29T04:00:00.000Z","2026-07-13T04:00:00.000Z","2026-05-23T21:26:13.094Z","2026-07-11T19:44:14.548Z",,,,,,,,"",,,,"2ec7841b-7c4c-4c69-8fb7-0e290a5f7a0e",38755,"DES-76, DES-77, DES-31, DES-92","",
"DES-35","umbral-equipo-12","HU-25B - Consulta de tablero y ranking para participante","## What to build

Permitir al participante consultar su tablero y el ranking habilitado sin modificar datos y respetando su contexto de autorización.

## Acceptance criteria

- [ ] El participante puede consultar su tablero permitido.
- [ ] El participante puede consultar el ranking permitido.
- [ ] La información mostrada respeta el rol y el equipo del usuario autenticado.
- [ ] Las consultas son de solo lectura.

## Blocked by

HU-23, HU-39","Todo",,"High","fb419a0e-c700-4169-8801-21490db42f94","Umbral Proyecto Desarrollo - Equipo 12","samuelpl0888@gmail.com",,"Feature, mobile, svc:cross-service",3,"Cycle 3","2026-06-29T04:00:00.000Z","2026-07-13T04:00:00.000Z","2026-05-23T21:26:11.777Z","2026-07-09T17:18:06.770Z",,,,,,,,"",,,,"8d3b8ea3-cf40-47e1-9ac7-9f6bd7b50850",38757,"DES-31","DES-54",
"DES-34","umbral-equipo-12","HU-25A - Consultas operativas para administrador y operador","## What to build

Permitir consultas de solo lectura sobre misiones, sesiones, equipos y ranking para administrador y operador respetando permisos.

## Acceptance criteria

- [ ] El administrador puede consultar misiones y sesiones.
- [ ] El operador puede consultar sesiones asignadas, equipos asociados y ranking.
- [ ] La información mostrada respeta el rol y permisos del usuario autenticado.
- [ ] Las consultas no ejecutan comandos de modificación.

## Blocked by

HU-20, HU-39","Todo",,"High","fb419a0e-c700-4169-8801-21490db42f94","Umbral Proyecto Desarrollo - Equipo 12","samuelpl0888@gmail.com",,"Feature, svc:cross-service",3,"Cycle 3","2026-06-29T04:00:00.000Z","2026-07-13T04:00:00.000Z","2026-05-23T21:25:35.091Z","2026-07-09T17:17:57.102Z",,,,,,,,"",,,,"8bff9304-973e-4805-9916-4799fabd5c3d",38758,"DES-27","DES-54",
"DES-33","umbral-equipo-12","HU-24B - Panel del operador en tiempo real de eventos, evidencias y ranking","## What to build

Ampliar el panel del operador para mostrar eventos relevantes, evidencias o envíos y ranking durante la operación.

## Acceptance criteria

- [ ] El panel refleja eventos relevantes sin recarga manual.
- [ ] El operador puede monitorear evidencias o envíos durante la sesión.
- [ ] El operador puede ver ranking actualizado cuando aplique.
- [ ] La vista permanece restringida a sesiones autorizadas.
- [ ] El panel refleja eventos, evidencias/envíos y ranking en tiempo real vía SignalR/WebSockets, sin recarga manual.

## Blocked by

HU-24A, HU-32, HU-39","Todo",,"High","fb419a0e-c700-4169-8801-21490db42f94","Umbral Proyecto Desarrollo - Equipo 12","samuelpl0888@gmail.com",,"Feature, svc:scoring-monitoring-service, svc:session-operations-service",3,"Cycle 3","2026-06-29T04:00:00.000Z","2026-07-13T04:00:00.000Z","2026-05-23T21:25:33.921Z","2026-07-09T17:18:24.280Z",,,,,,,,"",,,,"fe2fe933-3b41-47da-8307-010c556d66bc",38759,"DES-32","DES-54, DES-43",
"DES-29","umbral-equipo-12","HU-21 - Auditoría de cambios de estado de sesión","'> **Renombrada de** `HU-21B` **a** `HU-21` **el 2026-07-09.** El split A/B quedó huérfano:
> `HU-21A` ([DES-28](https://linear.app/desarrollo-equipo-12/issue/DES-28/hu-21a-transiciones-validas-de-estado-de-sesion)) fue cancelada el 2026-06-30 y reconstruida como `DES-76`. No queda
> una ""A"" con la que fusionar, así que esta HU pasa a ser la única `HU-21`.
> Su bloqueador apunta ahora a `DES-76`, no a la cancelada `DES-28`.
>
> **AC de consulta retirado el 2026-07-09.** *""El historial de cambios puede consultarse**
**posteriormente""* describe una superficie de lectura que `DES-56` (`HU-40A` — historial de
> eventos de sesión) ya posee, y `DES-56` está bloqueada por esta HU. Esta HU conserva la
> escritura: persistir el hecho y publicar `SessionStateChanged`. La consulta vive en `DES-56`.

## What to build

Registrar cada cambio de estado de una sesión con fecha, usuario responsable y motivo cuando aplique.

## Acceptance criteria

- [ ] Cada cambio de estado queda registrado con fecha y hora.
- [ ] Cada cambio registra el usuario responsable.
- [ ] Cuando aplique, el cambio conserva el motivo asociado.
- [ ] Tras el éxito transaccional, el cambio de estado se publica como evento de dominio (p. ej. SessionStateChanged) a RabbitMQ para auditoría/historial asíncrono, sin que el flujo principal dependa de RabbitMQ.

## Blocked by

[DES-76](https://linear.app/desarrollo-equipo-12/issue/DES-76/realinear-hu-21a-maquina-de-estados-de-sesion-scheduled-preparing) (máquina de estados de sesión, `Done`) — sin bloqueadores vivos.","Todo",,"High","fb419a0e-c700-4169-8801-21490db42f94","Umbral Proyecto Desarrollo - Equipo 12","samuelpl0888@gmail.com",,"Feature, ready-for-agent, svc:session-operations-service",3,"Cycle 3","2026-06-29T04:00:00.000Z","2026-07-13T04:00:00.000Z","2026-05-23T21:25:23.098Z","2026-07-12T10:16:38.217Z",,,,,,,,"",,,,"f5259561-6696-4dc3-8778-1d346e849374",38764,"DES-76","",
"DES-13","umbral-equipo-12","HU-08 - Sincronización multi-dispositivo del equipo","## What to build

Sincronizar progreso, puntaje y estado de juego entre los dispositivos autorizados de un mismo equipo.

## Acceptance criteria

- [ ] El sistema sincroniza progreso, puntaje y estado de juego entre dispositivos del mismo equipo.
- [ ] Un cambio relevante hecho por un integrante se refleja en los demás dispositivos autorizados.
- [ ] La reconexión restituye el estado vigente del equipo.
- [ ] La sincronización no mezcla el estado entre equipos distintos.
- [ ] La sincronización entre dispositivos se propaga en tiempo real vía SignalR/WebSockets, sin recarga manual.

## Blocked by

HU-07A, HU-07B","Todo",,"Medium","fb419a0e-c700-4169-8801-21490db42f94","Umbral Proyecto Desarrollo - Equipo 12","samuelpl0888@gmail.com",,"Feature, svc:identity-access-service, svc:session-operations-service",3,"Cycle 3","2026-06-29T04:00:00.000Z","2026-07-13T04:00:00.000Z","2026-05-23T21:23:41.661Z","2026-06-15T22:41:31.300Z",,,,,,,,"",,,,"2cf9fcc3-3886-4fbd-9923-1b162a0a64a4",39231,"DES-12, DES-11","",
"DES-86","umbral-equipo-12","REFACTOR - Puntaje por objetivo (per-target ScoreValue) en lugar de winner-takes-all","## What to build

Migrar el modelo de puntaje de búsqueda del tesoro de **winner-takes-all** (`WinnerScore` a nivel de `Substage`) a **puntaje por objetivo**: cada `Target` lleva su propio `ScoreValue` (entero 1-100), los equipos acumulan puntos por cada objetivo que resuelven, y el primer equipo en resolver todos los objetivos dispara el **avance** de la subetapa sin anular los puntos ya ganados por los demás.

Los documentos canónicos ya fueron corregidos el 2026-07-09 (`grilling-session-mission-restructure.md`, `bd_umbral_entity_spec.md`, `session-operations-service/CONTEXT.md`). **El código todavía tiene el modelo viejo.** Ver `backend/docs/target-score-handoff.md`.

## Why now

`WinnerScore` aparece **94 veces en 42 archivos** entre `mission-design-service` y `session-operations-service`. [DES-42](https://linear.app/desarrollo-equipo-12/issue/DES-42/hu-31-escaneo-validacion-y-registro-server-side-de-objetivo-qr) (HU-31) es la primera HU que toca este código: su spec generado será correcto (per-target), pero el driver se estrellará contra el modelo viejo durante la implementación. Este refactor debe cerrarse **antes** de que HU-31 arranque.

## Acceptance criteria

### mission-design-service

- [ ] `Target` expone `ScoreValue` (entero 1-100). `Target.Create` y `Target.UpdateDetails` reciben el parámetro; la validación sigue el patrón de validadores privados estáticos ya presente en el archivo (`ValidateName` / `ValidateQrCode` / `ValidateSequenceOrder`), con una nueva `TargetScoreValueOutOfRangeException`.
- [ ] `AddTargetCommand` / `AddTargetCommandValidator` y `UpdateTargetCommand` / `UpdateTargetCommandValidator` aceptan y validan `ScoreValue`.
- [ ] `Substage.WinnerScore` eliminado, junto con sus rastros en `Mission`, `MissionsController`, `MissionDto`, `MissionRuntimePlanDto`, `MissionDtoMapper` y `MissionReadModelRepository`.
- [ ] `MissionActivationPolicy` valida `ScoreValue` por objetivo en vez de `WinnerScore` por subetapa (readiness de misión).

### session-operations-service

- [ ] `TargetSnapshot` transporta `ScoreValue`. `TargetSnapshot.Create` recibe el parámetro y lo valida junto a los guards de `TargetSnapshotIdRequiredException` / `TargetSnapshotSubstageRequiredException`.
- [ ] `SubstageSnapshot.WinnerScore` eliminado. `CreateTreasureHunt(title, sequenceOrder, winnerScore)` pierde su tercer parámetro y el constructor pierde el suyo. **Ojo:** `WinnerScore` sale también de `GetEqualityComponents()` — cambia la igualdad del value object.
- [ ] `TriviaSubstageSnapshotCannotDeclareWinnerScoreException` se **elimina**. Su único throw en producción es el guard del constructor de `SubstageSnapshot` sobre el parámetro `winnerScore`; sin el campo, la excepción queda sin referente. Borrar también su test en `SubstageSnapshotTests.cs:33`.
- [ ] `TreasureHuntSubstageSnapshotWinnerScoreRequiredException` se **re-domicilia de la subetapa al objetivo**, no se invierte. Su único throw en producción es `MissionRuntimeSnapshot.cs:132`, dentro de `EnsureSubstageInvariants`, sobre `substage.WinnerScore is null || <= 0`. La invariante per-target equivalente es: *todo* `TargetSnapshot` de una subetapa de búsqueda del tesoro debe llevar `ScoreValue` en rango 1-100. El guard contiguo (`MissionRuntimeSnapshot.cs:135`, `TreasureHuntSubstageSnapshotMustContainTargetsException`) ya recorre `targetSnapshots` filtrados por `SubstageSnapshotId` — la nueva validación tiene ahí su lugar natural. Renombrar en consecuencia.
- [ ] `MissionRuntimeSource`, `MissionRuntimeDto` y `CreateSessionCommandHandler` proyectan `ScoreValue` per-target desde el runtime plan.

### Persistencia y contrato

- [ ] Migración en ambos servicios: se elimina la columna `winner_score` de la tabla de subetapa; se agrega `score_value` a la de objetivo. Revisar `LiveSessionConfiguration` y `MissionConfiguration`.
- [ ] Un equipo no puede resolver el mismo `Target` dos veces.
- [ ] Los equipos conservan sus puntos acumulados independientemente de quién gane la subetapa; el ganador solo dispara el avance.
- [ ] Suites verdes en ambos servicios (~20 archivos de test tocan `WinnerScore`).

## Decisiones a fijar en este ticket

Dos preguntas que ningún ticket ni ADR resuelve hoy, y que el driver de HU-31 encontraría en frío:

1. **El evento** `TargetResolved` **debe transportar el** `ScoreValue` **del objetivo resuelto.** [DES-51](https://linear.app/desarrollo-equipo-12/issue/DES-51/hu-37-ledger-de-puntaje-por-validaciones-respuestas-y-penalizaciones) (HU-37) exige que todo cambio de puntaje produzca un `ScoreEntry` con su origen; `scoring-monitoring` necesita el número. El evento aún no existe en código, así que se define correcto de entrada. **Precedente directo:** `AnswerRegisteredEvent` (HU-34, commit `f2edb1e`) ya transporta `isCorrect` + `scoreValue` explícitamente ""so downstream scoring can consume it"". `TargetResolved` debe reflejar esa forma.
2. **Qué contexto es dueño de** `ScoreValue`**.** [DES-85](https://linear.app/desarrollo-equipo-12/issue/DES-85/prd-primera-implementacion-de-scoring-monitoring-service-hu-37-a-hu-40) declara `ScoreValue` value object del bounded context `ScoringMonitoring`, y pone fuera de alcance ""computar rankings dentro de session-operations-service"". Este ticket lo pone en `Target` (mission-design) y `TargetSnapshot` (session-ops). La lectura propuesta — **y a confirmar antes de implementar** — es que `MissionDesign` autora los puntos, `SessionOperations` los relaya en el evento, y `ScoringMonitoring` los acumula en el ledger; ningún total mutable vive fuera de `ScoreEntry`. Es la misma forma que ya tomó el lado de trivia. Si el equipo no ratifica esa lectura, los criterios de aceptación de arriba cambian.

## Out of scope

* Implementar el escaneo QR, la resolución de objetivo o el evento `TargetResolved` en sí — eso es [DES-42](https://linear.app/desarrollo-equipo-12/issue/DES-42/hu-31-escaneo-validacion-y-registro-server-side-de-objetivo-qr) (HU-31). Aquí solo se **fija el contrato** del payload.
* El ledger `ScoreEntry` y la derivación de ranking — [DES-51](https://linear.app/desarrollo-equipo-12/issue/DES-51/hu-37-ledger-de-puntaje-por-validaciones-respuestas-y-penalizaciones) / [DES-54](https://linear.app/desarrollo-equipo-12/issue/DES-54/hu-39-ranking-en-tiempo-real-de-la-sesion), en `scoring-monitoring-service`.

## Suggested skills

`ef-core-postgresql` (migración `ScoreValue` en Target/TargetSnapshot) · `cqrs-mediatr-aspnetcore` (slice vertical: comandos, handlers, validators)

## Notas

Origen: `backend/docs/target-score-handoff.md` (2026-07-09). Los ocho tickets que el handoff lista como revisados ([DES-39](https://linear.app/desarrollo-equipo-12/issue/DES-39/hu-29-envio-de-evidencias-por-parte-del-equipo)/40/41/42/51/53/54/85) fueron re-verificados contra Linear: ninguno menciona `WinnerScoreValue`, winner-takes-all, ni ""los equipos no ganadores reciben cero"". No hay ticket que editar. Pero tampoco ninguno **especifica** la granularidad del puntaje — [DES-42](https://linear.app/desarrollo-equipo-12/issue/DES-42/hu-31-escaneo-validacion-y-registro-server-side-de-objetivo-qr) no menciona puntos en ninguna AC — de ahí la sección de decisiones a fijar.","Done",,"High","fb419a0e-c700-4169-8801-21490db42f94","Umbral Proyecto Desarrollo - Equipo 12","samuelpl0888@gmail.com",,"canon-realign, svc:mission-design-service, svc:session-operations-service",3,"Cycle 3","2026-06-29T04:00:00.000Z","2026-07-13T04:00:00.000Z","2026-07-09T23:34:30.656Z","2026-07-10T14:29:00.137Z",,,"2026-07-10T13:09:20.657Z",,,,,"",,,,"bb257c52-5324-4708-9852-3c1bd84298ce",3548,"DES-42, DES-31, DES-85, DES-54, DES-51, DES-39, DES-87","",
"DES-78","umbral-equipo-12","Realinear HU-33A — orquestación de trivia como subetapa sincronizada dentro de una misión","## Contexto

Realineación de deuda de canon tras el rewrite del modelo de runtime de misión.

* Commit `c35f6c2` — docs(backend): rewrite mission runtime model (#29)
* Fuente canónica: `backend/docs/grilling-session-mission-restructure.md`

[DES-44](https://linear.app/desarrollo-equipo-12/issue/DES-44/hu-33a-orquestacion-automatizada-de-trivia-por-rondas) / HU-33A se cerró en el ciclo 1 como orquestación de una ""sesión de trivia"" independiente. En el modelo canónico la trivia es una **subetapa sincronizada dentro de una misión**: al terminar la última pregunta, todos los equipos avanzan juntos a la siguiente subetapa en orden estricto de misión. La lógica de countdown/timer es mayormente reutilizable, pero las fronteras y el avance cambian.

## Qué realinear

* La orquestación opera sobre una `Substage` con `SubstagePlayMode = Trivia`, no sobre una sesión de trivia.
* Una pregunta snapshoteada activa por ventana de timer autoritativa para todos los equipos; avance dirigido por timer.
* La subetapa de trivia termina cuando expira el timer de la última pregunta; si existe otra subetapa, todos los equipos avanzan juntos.
* `TriviaSubstageWinner` = equipo(s) con mayor puntaje de trivia en esa subetapa; se permiten empates.
* El operador supervisa; no fuerza avances manuales de subetapa.

## Criterios de aceptación

- [ ] La secuencia automatizada corre dentro de una subetapa de trivia de una misión.
- [ ] Al expirar el timer de la última pregunta, la subetapa cierra y se avanza a la siguiente subetapa (si existe).
- [ ] El operador no controla manualmente el avance de subetapa.

Realinea: [DES-44](https://linear.app/desarrollo-equipo-12/issue/DES-44/hu-33a-orquestacion-automatizada-de-trivia-por-rondas) (HU-33A, cerrado en ciclo 1).","Done",,"High","fb419a0e-c700-4169-8801-21490db42f94","Umbral Proyecto Desarrollo - Equipo 12","samuelpl0888@gmail.com",,"canon-realign, Feature, needs-rebuild, ready-for-agent, svc:session-operations-service",3,"Cycle 3","2026-06-29T04:00:00.000Z","2026-07-13T04:00:00.000Z","2026-06-17T01:42:59.183Z","2026-07-09T12:34:54.424Z","2026-07-05T22:38:54.989Z",,"2026-07-06T17:34:27.481Z",,,,,"",,,,"998372d4-3e29-4cee-9c5f-b691746081b2",9042,"DES-49, DES-46, DES-45, DES-44, DES-22, DES-24, DES-82, DES-81","",
"DES-77","umbral-equipo-12","Realinear HU-22 — temporizador autoritativo por SubstagePlayMode activo (sin SessionMode)","## Contexto

Realineación de deuda de canon tras el rewrite del modelo de runtime de misión.

* Commit `c35f6c2` — docs(backend): rewrite mission runtime model (#29)
* Fuente canónica: `backend/docs/grilling-session-mission-restructure.md`

[DES-30](https://linear.app/desarrollo-equipo-12/issue/DES-30/hu-22-temporizador-autoritativo-de-sesion) / HU-22 se cerró en el ciclo 1 distinguiendo el comportamiento del temporizador entre ""sesión de misión"" y ""sesión de trivia"". Ya **no existe un** `SessionMode` **a nivel de sesión**: toda sesión es una misión y la trivia es un `SubstagePlayMode`. El temporizador debe derivarse de la subetapa activa, no de un modo de sesión. (El criterio 1 de [DES-30](https://linear.app/desarrollo-equipo-12/issue/DES-30/hu-22-temporizador-autoritativo-de-sesion) ya estaba marcado como faltante.)

## Qué realinear

* El temporizador autoritativo se determina por el `SubstagePlayMode` de la subetapa activa:
  * `Trivia`: ventana de tiempo sincronizada de la pregunta activa snapshoteada; avance dirigido por timer.
  * `TreasureHunt`: tiempo aplicable de la subetapa de búsqueda activa.
* En pausa, el timer se congela; en trivia pausada se detiene y reanuda en la misma pregunta.
* Eliminar toda ramificación basada en ""sesión de misión vs sesión de trivia"".

## Criterios de aceptación

- [ ] El tiempo restante mostrado se deriva de la subetapa activa y su `SubstagePlayMode`.
- [ ] No hay lógica de temporizador condicionada a un `SessionMode` de sesión.
- [ ] Pausa congela el timer; trivia pausada reanuda en la misma pregunta.

Realinea: [DES-30](https://linear.app/desarrollo-equipo-12/issue/DES-30/hu-22-temporizador-autoritativo-de-sesion) (HU-22, cerrado en ciclo 1).","Done",,"High","fb419a0e-c700-4169-8801-21490db42f94","Umbral Proyecto Desarrollo - Equipo 12","samuelpl0888@gmail.com",,"canon-realign, Feature, needs-rebuild, ready-for-agent, svc:session-operations-service",3,"Cycle 3","2026-06-29T04:00:00.000Z","2026-07-13T04:00:00.000Z","2026-06-17T01:42:55.612Z","2026-07-12T04:54:17.006Z","2026-07-05T14:56:18.635Z",,"2026-07-05T21:39:55.327Z",,,,,"",,,,"f75f1b93-784b-46a4-bdc8-3684fb46f7d8",10237,"DES-59, DES-42, DES-39, DES-38, DES-36, DES-31, DES-30, DES-22, DES-24, DES-93","",
"DES-76","umbral-equipo-12","Realinear HU-21A — máquina de estados de sesión (Scheduled → Preparing → Active → Paused → Finished → Cancelled)","## Contexto

Realineación de deuda de canon tras el rewrite del modelo de runtime de misión, **actualizada** tras la restauración del estado `Scheduled`.

* Commit `c35f6c2` — docs(backend): rewrite mission runtime model (#29)
* Commit `8777523` — docs(session-operations): restore scheduled lifecycle canon *(canon vigente)*
* Fuente canónica: `backend/services/session-operations-service/CONTEXT.md` (§SessionState), `backend/docs/requisitos-academicos-umbral-ucab.md` (FR-04 + nota al pie)

> ⚠️ Esta versión del ticket corrige una redacción previa que pedía **eliminar** `Scheduled`. Ese era el modelo intermedio de #29; el canon vigente (`8777523`) **restauró** `Scheduled` como estado inicial. `Scheduled` se mantiene.

[DES-28](https://linear.app/desarrollo-equipo-12/issue/DES-28/hu-21a-transiciones-validas-de-estado-de-sesion) / HU-21A se cerró en el ciclo 1 con una máquina de estados que debe realinearse al modelo de runtime de misión (snapshot inmutable al crear, sin `SessionMode`), **conservando** `Scheduled` como estado inicial.

## Modelo canónico de estados

Estados: `Scheduled → Preparing → Active → Paused → Finished → Cancelled`.

* La `LiveSession` se crea directamente en `Scheduled`, tomando su `MissionRuntimeSnapshot` inmutable en ese punto.
* La asociación de equipos solo se permite mientras la sesión está en `Scheduled`.

Transiciones válidas:

* `Scheduled → Preparing` — alistamiento (operador asignado verificado, equipos confirmados).
* `Scheduled → Cancelled`.
* `Preparing → Active` — inicia inmediatamente la primera subetapa.
* `Preparing → Cancelled`.
* `Active → Paused → Active` — la pausa solo ocurre desde `Active`.
* `Active → Finished` y `Paused → Finished` **solo** vía `SessionCompletion` al cerrar la última subetapa.
* `Cancelled` permitido desde `Scheduled`, `Preparing`, `Active` o `Paused`.
* `Finished → *` y `Cancelled → *` no permitidos (estados terminales).

## Qué realinear

* Conservar `Scheduled` en la máquina de estados, la API y la persistencia.
* Crear la sesión en `Scheduled`; mover a `Preparing` mediante el paso de alistamiento.
* Eliminar cualquier ramificación basada en `SessionMode` (no existe; la trivia es un `SubstagePlayMode`).
* Hacer cumplir las transiciones válidas listadas y rechazar las inválidas.

## Criterios de aceptación

- [ ] La sesión expone exactamente los estados `Scheduled`, `Preparing`, `Active`, `Paused`, `Finished`, `Cancelled`.
- [ ] La `LiveSession` se crea en `Scheduled` y la asociación de equipos solo se permite en ese estado.
- [ ] `Preparing → Active` inicia inmediatamente la primera subetapa.
- [ ] El sistema rechaza las transiciones inválidas listadas arriba.
- [ ] No existe lógica condicionada a un `SessionMode` de sesión.

Realinea: [DES-28](https://linear.app/desarrollo-equipo-12/issue/DES-28/hu-21a-transiciones-validas-de-estado-de-sesion) (HU-21A, cerrado en ciclo 1).","Done",,"High","fb419a0e-c700-4169-8801-21490db42f94","Umbral Proyecto Desarrollo - Equipo 12","samuelpl0888@gmail.com",,"canon-realign, Feature, needs-rebuild, ready-for-agent, svc:session-operations-service",3,"Cycle 3","2026-06-29T04:00:00.000Z","2026-07-13T04:00:00.000Z","2026-06-17T01:42:49.676Z","2026-07-05T14:03:07.292Z","2026-07-05T02:28:27.924Z",,"2026-07-05T14:03:06.651Z",,,,,"",,,,"56dfb02f-8fa0-42ec-ab0d-c1433fe81d4a",10694,"DES-53, DES-42, DES-39, DES-38, DES-37, DES-36, DES-32, DES-29, DES-28, DES-24, DES-22, DES-25","",
"DES-75","umbral-equipo-12","Realinear HU-16 — la creación de sesiones de trivia se subsume en el modelo misión-wrapper","## Contexto

Realineación de deuda de canon tras el rewrite del modelo de runtime de misión.

* Commit `c35f6c2` — docs(backend): rewrite mission runtime model (#29)
* Commit `df06e54` — docs(session-operations): realign evidence umbrella canon (#28)
* Fuente canónica: `backend/docs/grilling-session-mission-restructure.md` y `backend/docs/umbral_user_stories.md` (HU-16, HU-17)

[DES-23](https://linear.app/desarrollo-equipo-12/issue/DES-23/hu-16-creacion-de-sesiones-trivia) / HU-16 se implementó y cerró en el ciclo 1 como ""creación de sesiones de trivia desde un quiz publicado"". Ese concepto **ya no existe** en el modelo canónico: `Mission` es la única fuente de `LiveSession` y `TriviaQuiz` ya no es `SessionSource`. La trivia es ahora un `SubstagePlayMode` dentro de una misión, no una sesión por sí misma.

## Qué realinear

* Retirar/superseder el flujo ""crear sesión de trivia desde quiz"" entregado en [DES-23](https://linear.app/desarrollo-equipo-12/issue/DES-23/hu-16-creacion-de-sesiones-trivia).
* La trivia se modela como una `Substage` con `SubstagePlayMode = Trivia` que **asigna un** `TriviaQuiz` **publicado completo** (no una selección parcial de preguntas). El concepto `TriviaQuestionSelection` queda retirado del canon: la subetapa toma el quiz publicado entero y todas sus preguntas se copian al snapshot runtime inmutable al crear la `LiveSession`.
* La creación de sesión se unifica bajo el modelo misión-wrapper que ahora porta [DES-24](https://linear.app/desarrollo-equipo-12/issue/DES-24/hu-17-creacion-de-sesion-desde-una-unica-fuente) / HU-17 y [DES-22](https://linear.app/desarrollo-equipo-12/issue/DES-22/hu-15-creacion-de-sesion-de-mision-desde-mision-activa) / HU-15.

## Criterios de aceptación

- [ ] No existe ruta de creación de ""sesión de trivia"" independiente de una misión.
- [ ] Una subetapa de trivia asigna un `TriviaQuiz` publicado completo y sus preguntas se snapshotean en el runtime inmutable al crear la `LiveSession`.
- [ ] No existe selección parcial de preguntas (`TriviaQuestionSelection`) en el modelo de asignación de quiz a subetapa.
- [ ] El comportamiento previo de [DES-23](https://linear.app/desarrollo-equipo-12/issue/DES-23/hu-16-creacion-de-sesiones-trivia) queda superseded y documentado como tal.

Reemplaza/supersede: [DES-23](https://linear.app/desarrollo-equipo-12/issue/DES-23/hu-16-creacion-de-sesiones-trivia) (HU-16, cerrado en ciclo 1).","Done",,"High","fb419a0e-c700-4169-8801-21490db42f94","Umbral Proyecto Desarrollo - Equipo 12","samuelpl0888@gmail.com",,"canon-realign, Feature, needs-rebuild, ready-for-agent, svc:session-operations-service",3,"Cycle 3","2026-06-29T04:00:00.000Z","2026-07-13T04:00:00.000Z","2026-06-17T01:42:46.363Z","2026-07-05T00:53:48.595Z","2026-07-01T02:42:30.597Z",,"2026-07-05T00:53:48.564Z",,,,,"",,,,"664b8e0f-0bea-4bee-8884-f3bd886e8759",11483,"DES-23, DES-22, DES-24","",
"DES-83","umbral-equipo-12","HU-M3 — Question-closed participant state","## Parent

Local plan: `mobile/plans/post-hu-34a-mobile-trivia-breakdown.md` (section `HU-M3`).
Upstream slice: `DES-82` (HU-M1 — active question display). Backend close facts from `DES-45` (HU-33B).

## What to build

Keep the participant experience coherent after a trivia question window closes. This slice owns the surface that `HU-M1` deliberately left to a later slice: reacting to the `QuestionClosed` broadcast (`QuestionClosedNotificationDto` via the `QuestionClosed` SignalR method).

This is **close-state UI only** — submit and post-submit waiting state live in `HU-M2` (blocked by `HU-34A` / `DES-46`). Until `HU-M2` lands, ""question closed"" simply means: no more interaction with the just-closed question, and the app should look for the next snapshot.

Backend surfaces consumed:

* `QuestionClosed` broadcast → `QuestionClosedNotificationDto` (`LiveSessionId`, `QuestionIndex`, `ClosedAt`, `WasExpiredByTimer`).
* REST `GET /sessions/{liveSessionId}/participants/timer` → re-fetch to discover the next `ActiveQuestionSnapshotDto` (or null = waiting/advancing).
* `SessionStateChanged` for terminal transitions (`Finished`/`Cancelled`) that end participation.

## Mobile scope

* ""Question closed"" state with the answer controls immediately non-interactive (no longer accepts selection, even when `HU-M2` lands).
* After a `QuestionClosed` broadcast, re-fetch the participant-timer snapshot to discover the next question or the waiting state. The data path must already exist from `HU-M1`; this slice wires the trigger.
* Clear visual distinction between:
  * this team already answered (only knowable once `HU-M2` ships; until then, this branch is unreachable and the state is simply ""closed"")
  * question closed before this team answered (the only observable close variant until `HU-M2`)
  * waiting for the next question or substage advancement
* Reconnect into a session whose active question is already closed restores the correct closed/waiting state from the snapshot rather than rendering a stale active-question view.

## Acceptance criteria

- [ ] On `QuestionClosed` broadcast, the screen transitions out of the active-question view and locks any answer controls.
- [ ] After close, the participant-timer snapshot is re-fetched and the next active question (or a waiting state) is rendered accordingly.
- [ ] Reconnect into a closed question restores the closed/waiting state from the snapshot without manual refresh.
- [ ] Terminal session states (`Finished`, `Cancelled`) end participation cleanly and surface the ""session no longer accepting participation"" empty state from `HU-M1`.

## Blocked by

* `DES-82` (HU-M1 — active question display + countdown)","Done",,"No priority",,,"samuelpl0888@gmail.com",,"mobile",3,"Cycle 3","2026-06-29T04:00:00.000Z","2026-07-13T04:00:00.000Z","2026-07-09T12:40:12.338Z","2026-07-11T19:03:26.494Z",,,"2026-07-11T19:03:26.469Z",,,,,"",,,,"ab24df44-abe6-4341-acb9-f9906da64967",1753,"DES-45, DES-82","",
"DES-84","umbral-equipo-12","HU-M2 — Submit first answer from mobile","## Parent

Local plan: `mobile/plans/post-hu-34a-mobile-trivia-breakdown.md` (section `HU-M2`). *(Filename predates the 2026-07-09 merge; the HU it describes is now* `HU-34`*.)*

Backend dependency: `DES-46` (HU-34 — first-valid-answer registration) shipped in PR #133 (2026-07-10). **Its answer contract is frozen by the** `EN-M1` **spike (**`DES-81`**)** — this slice consumes that spike's contract note; it does not verify backend shapes itself.

## What to build

Allow a participant team to submit one trivia answer from the mobile client during an active question, wired to the real HU-34 first-valid-answer contract as frozen in `DES-81`'s note under `mobile/docs/`. This is the participant side of HU-34's ""any authenticated team member can submit the answer for the active question"".

Picks up where `HU-M1` (`DES-82`) left the options visibly non-interactive and where `HU-M3` (`DES-83`) locks them on close.

## Contract (already frozen — see `DES-81`)

Consume the shapes `DES-81` typed and recorded; do **not** re-derive them from the backend. For reference:

* Submit — `POST /sessions/{liveSessionId}/participants/answers` (`Participant` policy). Request: `TeamId`, `TriviaSubstageSnapshotId`, `QuestionSequenceOrder`, `SelectedOptionSequenceOrder`, `Token?`. Accepted (200): acceptance metadata only — no correctness/points.
* Rejection `reasonCode` slugs: `late-trivia-answer`, `duplicate-trivia-answer`, `trivia-answer-requires-active-question`, `trivia-answer-requires-active-session`, `trivia-answer-requires-trivia-substage`, `invalid-trivia-answer-option`, `answer-submitter-is-not-session-participant`.
* ⚠️ `TriviaSubstageSnapshotId` is required by submit but is **not** on the active-question broadcast/snapshot. `DES-81` picks where the client sources it — follow that decision here; do not invent a second one.
* `TeamAnswered` is operator-only. This client does not consume it.

If any shape is missing from `DES-81`'s note, that is a gap in the spike — raise it there, do not re-verify against the backend in this slice.

## Test identity — drive against the seeded participant

Drive and verify this slice against the `participant` account already seeded in `backend/deploy/keycloak/import/umbral-realm.json` (`emailVerified: true`, realm role `Participant`). That account is a real, sign-in-capable participant — enough to build and verify submit end to end.

`GH #143` **(participant self-registration) is NOT a blocker for this slice.** It only governs whether a *real end user* can create their own account from the app; the submit contract is identical whether the identity came from the seed or from hosted registration. Do not wait on it, and do not wire this slice to it. (`#143` is itself blocked by `#141`/SMTP and lives dead-last in the identity track.)

## Mobile scope

* Option selection UI (single-select on the active question's options).
* Submit action wired to the frozen contract.
* Local pending state while the submission is in flight.
* Interaction lock immediately after a successful submission so the team cannot accidentally double-submit while awaiting the backend result.
* Rejection handling mapped to participant-facing UI for each `reasonCode` above (late, duplicate, invalid session/question state, wrong substage, invalid option, forbidden/wrong-team) plus network failure.
* Hand-off into the `HU-M3` waiting / closed states on success and on close.

## Acceptance criteria

- [ ] A team can submit exactly one answer from the app during an active question, using the `DES-81`-frozen contract.
- [ ] The screen prevents accidental double-submit while awaiting the backend result (pending state + interaction lock).
- [ ] Each backend rejection `reasonCode` maps to a clear participant-facing message; no invented domain rules.
- [ ] A successful submission transitions cleanly into the `HU-M3` ""answer submitted"" waiting state.
- [ ] Submit is disabled while the question is closed (integration with `DES-83`).

## Blocked by

* `DES-82` (HU-M1 — active question display) — option UI lives on top of HU-M1.
* `DES-81` (EN-M1 — contract spike) — freezes the submit contract this slice consumes. *(The* `DES-46` *dependency is discharged transitively:* [DES-46](https://linear.app/desarrollo-equipo-12/issue/DES-46/hu-34-registro-y-rechazo-de-respuestas-de-equipo-en-trivia) *shipped,* [DES-81](https://linear.app/desarrollo-equipo-12/issue/DES-81/en-m1-mobile-trivia-contract-spike-display-submit) *froze its contract.* `GH #143` *is not a blocker — see §Test identity.)*

## Notas

Updated 2026-07-10: the ""backend surface assumed by this slice, to be verified against HU-34 output before implementation"" clause was removed. That verification is now `DES-81`'s job — the spike widened to freeze the submit contract alongside the display contract once `DES-46` shipped. This slice consumes a frozen note instead of re-deriving a contract mid-implementation.","Done",,"No priority",,,"samuelpl0888@gmail.com",,"mobile",3,"Cycle 3","2026-06-29T04:00:00.000Z","2026-07-13T04:00:00.000Z","2026-07-09T12:42:23.828Z","2026-07-11T17:57:24.056Z",,,"2026-07-11T17:51:12.842Z",,,,,"",,,,"c931dc3d-4c0e-44df-a808-3e818ffedded",1826,"DES-46, DES-82, DES-91","",
"DES-82","umbral-equipo-12","HU-M1 — Active question display + countdown in team-space","## Parent

Local plan: `mobile/plans/post-hu-34a-mobile-trivia-breakdown.md` (section `HU-M1`).
Contract from enabler: `DES-81` (EN-M1).

## What to build

Replace the current team-space placeholder shell (`mobile/src/app/(app)/team-space.tsx`) with a real participant gameplay screen that renders the active trivia question and an authoritative countdown, without inventing client-side time.

This slice is **display only** — answer selection and submission live in `HU-M2` (blocked by `HU-34A` / `DES-46`, still unstarted). Do not implement submit here. Options may be rendered as a non-interactive list (or visibly disabled) when `HU-M2` is not yet in scope.

Backend surfaces the spike froze and that this slice consumes:

* `SessionTimerUpdated` broadcast → authoritative countdown (`SessionTimerUpdatedNotificationDto`).
* `QuestionClosed` broadcast (`QuestionClosedNotificationDto`) → handled in `HU-M3`, not here. HU-M1 must surface a ""waiting for next question"" state when `ActiveQuestion` is null but the session is still `Active`.
* Active-question snapshot from `GET /sessions/{liveSessionId}/participants/timer` (`SessionTimerSnapshotDto`, `ActiveQuestionSnapshotDto?`) using the fetch strategy the spike picked.

## Mobile scope

* Extend `team-space.tsx` to render, when an active question exists:
  * question prompt text
  * answer options as a list
  * remaining time, authoritative from the runtime, not device-local invention
* Add explicit empty states, each visually distinct:
  * reconnecting (hub or REST fetch in flight)
  * waiting for next question (active session, no active question snapshot)
  * no active question (session not in `Active`)
  * session no longer accepting participation (terminal state or participation block)
* Fetch the participant-timer snapshot on connect/reconnect and per the spike's question-activation strategy; re-fetch on `QuestionClosed` is owned by `HU-M3`, but the data path must support it.

## Acceptance criteria

- [ ] A participant entering `team-space` during an active question sees the active question prompt and options.
- [ ] The countdown updates from the verified session runtime (`SessionTimerUpdated`), not from a device-local timer.
- [ ] A participant entering between questions sees a waiting state instead of stale question UI.
- [ ] The four empty states above are each rendered distinctly when their condition applies.
- [ ] Reconnect into a `team-space` with an active question restores the active-question view without manual refresh.
- [ ] No answer submission is wired in this slice (deferred to `HU-M2`); options are clearly non-interactive.

## Blocked by

* `DES-81` (EN-M1 — display contract spike)","Done",,"No priority",,,"samuelpl0888@gmail.com",,"mobile",3,"Cycle 3","2026-06-29T04:00:00.000Z","2026-07-13T04:00:00.000Z","2026-07-09T12:34:54.027Z","2026-07-11T15:58:08.793Z",,,"2026-07-11T15:58:08.770Z",,,,,"",,,,"699eb1ea-3b5c-45bf-b706-a8187a50c6c1",1939,"DES-84, DES-83, DES-78, DES-45, DES-81","",
"DES-49","umbral-equipo-12","HU-36A - Monitoreo restringido de respondido/no respondido en trivia","## What to build

Permitir al operador ver durante la pregunta activa únicamente si cada equipo respondió o no respondió.

## Acceptance criteria

- [ ] Durante la pregunta activa, el operador ve únicamente si cada equipo respondió o no respondió.
- [ ] Antes del cierre, el operador no puede ver la opción elegida por el equipo.
- [ ] La vista de monitoreo se actualiza durante la sesión sin recarga manual.
- [ ] El monitoreo respeta las sesiones autorizadas del operador.
- [ ] Las actualizaciones de respondido/no respondido se difunden al operador en tiempo real vía SignalR/WebSockets, sin recarga manual.

## Blocked by

HU-33A, HU-34A","Done",,"Medium","fb419a0e-c700-4169-8801-21490db42f94","Umbral Proyecto Desarrollo - Equipo 12","samuelpl0888@gmail.com",,"Feature, ready-for-agent, svc:session-operations-service",3,"Cycle 3","2026-06-29T04:00:00.000Z","2026-07-13T04:00:00.000Z","2026-05-23T21:27:12.457Z","2026-07-11T21:34:10.720Z","2026-07-10T22:28:33.630Z",,"2026-07-11T21:34:10.681Z",,,,,"",,,,"ea1d3918-33fd-4ba2-9cd9-0730e3482896",1603,"DES-78, DES-46","",
"DES-46","umbral-equipo-12","HU-34 - Registro y rechazo de respuestas de equipo en trivia","'> **Forma de evidencia de trivia.** La respuesta del equipo a la pregunta activa es la *evidencia* de las subetapas de trivia (`TriviaAnswerSubmission`), una de las formas concretas del umbral `EvidenceSubmission` (la otra es el QR de búsqueda del tesoro, HU-31). El intake y la validación de contexto comunes viven en HU-29/HU-30A; esta HU especializa el registro de la primera respuesta válida y su rechazo (tardías o repetidas), y conserva su tipo y evento propios. Ver ADR-0010 (en revisión).

> **Fusión 2026-07-09.** Absorbe HU-34B ([DES-47](https://linear.app/desarrollo-equipo-12/issue/DES-47/hu-34b-rechazo-de-respuestas-tardias-o-repetidas-en-trivia)). Aceptación y rechazo son las dos ramas de una misma escritura — un guard first-write-wins, no dos entregables. El rechazo es una preocupación de validador, no un segundo handler. Ver `backend/docs/ab-ticket-merge-validation-handoff-2026-07-09.md`.

## What to build

Aceptar la primera respuesta válida enviada por cualquier integrante autenticado del equipo para la pregunta activa, como la forma de evidencia de trivia (`TriviaAnswerSubmission`), y rechazar de forma explicada las respuestas tardías o los intentos repetidos.

## Acceptance criteria

### Registro de la primera respuesta válida

- [ ] Cualquier integrante autenticado del equipo puede enviar la respuesta de la pregunta activa.
- [ ] La primera respuesta enviada válidamente dentro del tiempo queda registrada como respuesta final (evidencia de trivia) del equipo.
- [ ] La respuesta aceptada queda asociada a equipo, sesión, pregunta y momento de envío.
- [ ] El registro de respuesta respeta el contexto de la sesión activa.
- [ ] El indicador de ""equipo respondió"" se difunde al monitoreo del operador en tiempo real vía SignalR/WebSockets, sin revelar la opción elegida.
- [ ] Tras el éxito transaccional, el sistema publica el evento de dominio `AnswerRegistered` a RabbitMQ para consumo asíncrono (auditoría/historial y recálculo secundario), sin que el flujo principal dependa de RabbitMQ.

### Rechazo de respuestas tardías o repetidas (absorbido de HU-34B / [DES-47](https://linear.app/desarrollo-equipo-12/issue/DES-47/hu-34b-rechazo-de-respuestas-tardias-o-repetidas-en-trivia))

- [ ] El sistema rechaza respuestas tardías.
- [ ] El sistema rechaza nuevos intentos para la misma pregunta y equipo.
- [ ] La respuesta final registrada (evidencia de trivia) no puede sobrescribirse.
- [ ] El rechazo informa el motivo de forma consistente.

## Blocked by

HU-33A ([DES-78](https://linear.app/desarrollo-equipo-12/issue/DES-78/realinear-hu-33a-orquestacion-de-trivia-como-subetapa-sincronizada), realineación — reemplaza la cancelada [DES-44](https://linear.app/desarrollo-equipo-12/issue/DES-44/hu-33a-orquestacion-automatizada-de-trivia-por-rondas)), HU-07A ([DES-11](https://linear.app/desarrollo-equipo-12/issue/DES-11/hu-07a-validacion-de-membresia-del-participante-en-sesion))","Done",,"Medium","fb419a0e-c700-4169-8801-21490db42f94","Umbral Proyecto Desarrollo - Equipo 12","samuelpl0888@gmail.com",,"Feature, ready-for-agent, svc:session-operations-service",3,"Cycle 3","2026-06-29T04:00:00.000Z","2026-07-13T04:00:00.000Z","2026-05-23T21:27:08.414Z","2026-07-10T01:38:12.147Z","2026-07-09T20:46:03.047Z",,"2026-07-10T01:38:12.128Z",,,,,"",,,,"6193f10e-0261-4430-a1bf-0bcf16f9b76f",4239,"DES-51, DES-49, DES-78, DES-11, DES-47, DES-84","",
"DES-45","umbral-equipo-12","HU-33B - Cierre automático de preguntas y resultados finales de trivia","## What to build

Cerrar automáticamente cada pregunta de trivia, emitir los hechos de cierre de ronda y llevar la sesión a resultados finales tras la última pregunta, publicando esos hechos para consolidación asíncrona.

## Acceptance criteria

- [ ] Al cerrar cada pregunta y al llegar a resultados finales, `session-operations` **emite los hechos** (pregunta cerrada / resultados finalizados). El **cálculo de puntaje y ranking NO ocurre en este servicio** — es responsabilidad de `ScoringMonitoring` (HU-37A/37B/39B), que consume estos hechos. *(AC original ""calcula puntaje y ranking"" reinterpretado por canon — D-1: PRD* [DES-70](https://linear.app/desarrollo-equipo-12/issue/DES-70/prd-primera-implementacion-de-session-operations-service-hu-15-a-hu-36) `:271` *score/ranking fuera de alcance,* `ddd_solution_model.md:177`*, ADR-0005 emitted-not-computed.)*
- [ ] Cada pregunta se cierra según su temporizador.
- [ ] Después de la última pregunta, la sesión pasa a resultados finales.
- [ ] El cierre de ronda deja listo el contexto para la siguiente fase visible.
- [ ] El cierre de cada pregunta y el paso a resultados finales se difunden a los clientes en tiempo real vía SignalR/WebSockets.
- [ ] Tras el éxito transaccional, el cierre de pregunta y los resultados finales se publican como eventos de dominio a RabbitMQ para historial/consolidación asíncrona, sin que el flujo principal dependa de RabbitMQ.

## Blocked by

HU-33A ([DES-78](https://linear.app/desarrollo-equipo-12/issue/DES-78/realinear-hu-33a-orquestacion-de-trivia-como-subetapa-sincronizada), realineación — reemplaza la cancelada [DES-44](https://linear.app/desarrollo-equipo-12/issue/DES-44/hu-33a-orquestacion-automatizada-de-trivia-por-rondas)), HU-37A ([DES-51](https://linear.app/desarrollo-equipo-12/issue/DES-51/hu-37a-ledger-de-puntaje-por-validaciones-respuestas-y-penalizaciones), consumidor downstream del contrato de eventos).","Done",,"Medium","fb419a0e-c700-4169-8801-21490db42f94","Umbral Proyecto Desarrollo - Equipo 12","samuelpl0888@gmail.com",,"Feature, ready-for-agent, svc:session-operations-service",3,"Cycle 3","2026-06-29T04:00:00.000Z","2026-07-13T04:00:00.000Z","2026-05-23T21:27:07.048Z","2026-07-09T18:03:25.285Z","2026-07-08T16:36:46.737Z",,"2026-07-08T20:24:18.889Z",,,,,"",,,,"c8386833-b487-4f5c-b243-9efda5fb8a7d",5993,"DES-54, DES-55, DES-50, DES-48, DES-78, DES-83, DES-82, DES-81","",
"DES-32","umbral-equipo-12","HU-24A - Panel del operador en tiempo real de estado y progreso","## What to build

Exponer un panel en tiempo real para el operador con el estado de la sesión y el progreso de los equipos dentro de sus sesiones autorizadas.

## Acceptance criteria

- [ ] El operador solo puede ver sesiones asignadas o autorizadas según la política definida.
- [ ] El panel refleja cambios de estado sin recarga manual.
- [ ] El operador puede monitorear el progreso de equipos en tiempo real.
- [ ] El sistema bloquea acciones sobre sesiones no autorizadas.
- [ ] El panel del operador refleja estado y progreso en tiempo real vía SignalR/WebSockets, sin recarga manual.

## Blocked by

* HU-20 → [DES-27](https://linear.app/desarrollo-equipo-12/issue/DES-27/hu-20-consulta-de-sesiones-asignadas) (Done)
* HU-21A → [DES-76](https://linear.app/desarrollo-equipo-12/issue/DES-76/realinear-hu-21a-maquina-de-estados-de-sesion-scheduled-preparing) «Realinear HU-21A — máquina de estados de sesión» (Done). El ticket original HU-21A ([DES-28](https://linear.app/desarrollo-equipo-12/issue/DES-28/hu-21a-transiciones-validas-de-estado-de-sesion)) fue cancelado el 2026-06-30 y reconstruido como [DES-76](https://linear.app/desarrollo-equipo-12/issue/DES-76/realinear-hu-21a-maquina-de-estados-de-sesion-scheduled-preparing); el bloqueo se satisface con [DES-76](https://linear.app/desarrollo-equipo-12/issue/DES-76/realinear-hu-21a-maquina-de-estados-de-sesion-scheduled-preparing). Las relaciones formales de Linear ya apuntan a [DES-76](https://linear.app/desarrollo-equipo-12/issue/DES-76/realinear-hu-21a-maquina-de-estados-de-sesion-scheduled-preparing).","Done",,"High","fb419a0e-c700-4169-8801-21490db42f94","Umbral Proyecto Desarrollo - Equipo 12","samuelpl0888@gmail.com",,"Feature, ready-for-agent, svc:session-operations-service",3,"Cycle 3","2026-06-29T04:00:00.000Z","2026-07-13T04:00:00.000Z","2026-05-23T21:25:31.965Z","2026-07-12T09:15:24.305Z","2026-07-12T06:37:42.302Z",,"2026-07-12T09:15:24.213Z",,,,,"",,,,"9bf385ed-163d-4fa4-9821-2dab4e861623",902,"DES-33, DES-76, DES-27","",
"DES-31","umbral-equipo-12","HU-23 - Tablero de equipo en vivo","## What to build

Mostrar al participante el tablero en vivo de su equipo con puntaje, temporizador y pistas disponibles durante la sesión.

## Acceptance criteria

- [X] El participante puede ver el puntaje acumulado de su equipo. *(El tablero renderiza el puntaje; el* `currentScore`*/*`resolvedTargets` *reales están descopados a HU-31/*[DES-42](https://linear.app/desarrollo-equipo-12/issue/DES-42/hu-31-escaneo-validacion-y-registro-server-side-de-objetivo-qr) *— renderiza 0 por ahora.)*
- [X] El participante puede ver las pistas habilitadas para su progreso actual.
- [X] El participante puede ver el temporizador correspondiente a su sesión. *(El widget de temporizador renderiza; la cuenta atrás real en subetapa* `TreasureHunt` *está descopada a* [DES-93](https://linear.app/desarrollo-equipo-12/issue/DES-93/temporizador-de-subetapa-treasurehunt-nunca-implementado-des-77-ac1) *— el snapshot lo empezará a alimentar cuando aterrice ese ticket.)*
- [X] La información se actualiza durante la sesión sin recarga manual.
- [X] El tablero de equipo se actualiza en tiempo real vía SignalR/WebSockets, sin recarga manual.

## Blocked by

HU-22

> **Ruptura de ciclo 2026-07-09.** Se eliminó HU-37A ([DES-51](https://linear.app/desarrollo-equipo-12/issue/DES-51/hu-37a-ledger-de-puntaje-por-validaciones-respuestas-y-penalizaciones)) como bloqueador. Existía un ciclo `DES-31 → DES-51 → DES-42 → DES-31` que impedía cualquier orden total sobre el backlog y dejaba varados 20 de 27 HUs abiertas. Un tablero de equipo en vivo puede mostrar un puntaje de cero antes de que exista el ledger de puntaje, de modo que la dependencia no es real.","Done",,"High","fb419a0e-c700-4169-8801-21490db42f94","Umbral Proyecto Desarrollo - Equipo 12","samuelpl0888@gmail.com",,"canon-realign, Feature, ready-for-agent, svc:session-operations-service",3,"Cycle 3","2026-06-29T04:00:00.000Z","2026-07-13T04:00:00.000Z","2026-05-23T21:25:30.690Z","2026-07-12T05:22:49.113Z","2026-07-11T22:00:08.838Z",,"2026-07-12T05:22:49.053Z",,,,,"",,,,"92f3ce07-2a75-43e4-be49-9d5eb910046c",1178,"DES-42, DES-59, DES-58, DES-39, DES-38, DES-37, DES-36, DES-35, DES-77, DES-93, DES-86","",
"DES-27","umbral-equipo-12","HU-20 - Consulta de sesiones asignadas","## What to build

Permitir al operador consultar la lista de sesiones que tiene asignadas con su contexto operativo relevante.

**I think this is already done. Check**

## Acceptance criteria

- [X] El operador puede consultar la lista de sesiones asignadas.
- [X] El operador no puede administrar sesiones fuera de su autorización.
- [X] Las sesiones finalizadas o canceladas pueden consultarse en modo lectura si la política lo permite.

## Blocked by

HU-19","Done",,"High","fb419a0e-c700-4169-8801-21490db42f94","Umbral Proyecto Desarrollo - Equipo 12","samuelpl0888@gmail.com",,"Feature, svc:identity-access-service, svc:session-operations-service",2,"Cycle 2","2026-06-15T04:00:00.000Z","2026-06-29T04:00:00.000Z","2026-05-23T21:25:19.359Z","2026-06-16T01:57:48.066Z","2026-06-16T01:52:42.238Z",,"2026-06-16T01:57:48.044Z",,,,,"",,,,"7d667b13-f0b8-4c67-92c9-22e1aea7e873",38779,"DES-34, DES-32, DES-26","",
"DES-26","umbral-equipo-12","HU-19 - Asignación de operador a sesión","## What to build

Permitir al administrador asignar o cambiar el operador responsable de una sesión y registrar esa responsabilidad para auditoría.

**Validate criteria 2 y falta el 4 (creo)**

## Acceptance criteria

- [X] El administrador puede asignar o cambiar el operador responsable de una sesión.
- [X] Una sesión debe almacenar el operador responsable actual como parte de su estado.
- [X] El operador solo puede administrar sesiones asignadas o visibles según la política definida.
- [ ] La asignación queda registrada para auditoría.

## Blocked by

HU-03, HU-15, HU-16","Done",,"High","fb419a0e-c700-4169-8801-21490db42f94","Umbral Proyecto Desarrollo - Equipo 12","samuelpl0888@gmail.com",,"Feature, ready-for-agent, svc:session-operations-service, Validate criteria",1,"Cycle 1","2026-06-01T04:00:00.000Z","2026-06-15T04:00:00.000Z","2026-05-23T21:25:18.070Z","2026-06-15T22:23:41.989Z","2026-06-04T00:44:57.447Z",,"2026-06-04T14:11:35.397Z",,,,,"",,,,"3a7445a7-5b9b-462f-8a60-0523f0425f45",55325,"DES-53, DES-28, DES-27, DES-22, DES-7, DES-23","",
"DES-25","umbral-equipo-12","HU-18 - Asociación de equipos a sesiones","## What to build

Permitir al operador agregar equipos registrados y activos a una sesión programada antes de su inicio.

## Acceptance criteria

- [X] El operador puede agregar equipos registrados y activos a una sesión programada.
- [X] El sistema permite consultar qué equipos están asociados a cada sesión.
- [X] Una sesión no puede iniciar si no tiene al menos un equipo asociado.
- [X] La asignación de equipos queda persistida antes del inicio de la sesión.

## Blocked by

HU-04, HU-15, HU-16","Done",,"High","fb419a0e-c700-4169-8801-21490db42f94","Umbral Proyecto Desarrollo - Equipo 12","samuelpl0888@gmail.com",,"canon-realign, Feature, svc:session-operations-service",1,"Cycle 1","2026-06-01T04:00:00.000Z","2026-06-15T04:00:00.000Z","2026-05-23T21:25:16.885Z","2026-07-09T16:31:44.397Z","2026-06-04T01:09:44.096Z",,"2026-06-04T23:27:37.295Z",,,,,"",,,,"145ff379-12ff-4870-8520-c27e82eccb1c",54769,"DES-28, DES-76, DES-8, DES-23, DES-22","",
"DES-24","umbral-equipo-12","HU-17 - Creación de sesión desde una única fuente","## What to build

Asegurar que cada `LiveSession` se cree desde exactamente **una única misión fuente**, evitando configuraciones inconsistentes. La misión es el único wrapper de contenido: sus substages pueden ser `TreasureHunt` y/o `Trivia`, y ambos modos pueden jugarse dentro de la misma sesión.

**Rebuild (canon-realign):** El modelo de dos fuentes (misión *o* quiz) queda retirado. Un `TriviaQuiz` ya no puede crear una `LiveSession`; las preguntas de trivia solo llegan al runtime mediante un `Substage` de trivia que **asigna un quiz publicado completo**, copiado al `MissionRuntimeSnapshot` al crear la sesión. No existe `TriviaQuestionSelection`.

## Acceptance criteria

- [ ] El sistema permite crear una sesión desde exactamente una misión.
- [ ] Un `TriviaQuiz` no puede crear una `LiveSession` directamente.
- [ ] Las preguntas de trivia solo llegan al runtime mediante un `Substage` de trivia que asigna un quiz publicado completo.
- [ ] El sistema impide mezclar fuentes externas al snapshot de misión.

## Blocked by

HU-15, HU-16","Done",,"High","fb419a0e-c700-4169-8801-21490db42f94","Umbral Proyecto Desarrollo - Equipo 12","samuelpl0888@gmail.com",,"canon-realign, Feature, needs-rebuild, ready-for-agent, svc:session-operations-service",3,"Cycle 3","2026-06-29T04:00:00.000Z","2026-07-13T04:00:00.000Z","2026-05-23T21:24:36.926Z","2026-07-01T01:19:16.781Z","2026-06-30T19:35:49.977Z",,"2026-07-01T01:19:16.758Z",,,,,"",,,,"7a5fdc27-78a5-488f-bb24-72c9c89f83c1",17218,"DES-78, DES-77, DES-76, DES-75, DES-23, DES-22","",
"DES-79","umbral-equipo-12","HU-15 follow-up — Archive-time enforcement for quizzes referenced by active missions","## What to build

Proactive **archive-time enforcement** in mission-design so a trivia quiz that is referenced by an **active** mission cannot silently become a dead reference. Today archival is allowed unconditionally, leaving the mission pointing at a non-published quiz.

This is **Phase 3** of the ""published-quiz readiness gap"" remediation, explicitly deferred out of the fix plan because it needs a new capability and a product decision (see Context below). Phases 1 & 2 (reactive readiness + fail-fast at session creation) close the create path; Phase 3 closes the gap at its source.

## Background — the readiness gap

Repro: an operator selects a **published** quiz into a trivia substage (allowed), activates the mission (allowed), then **archives** the quiz. The mission stays `Ready`; a session can be created whose trivia substage resolves to **zero questions**, surfacing only at play time as `TriviaSubstageSnapshotMustContainQuestionsException`.

Phases 1 & 2 make the system *react* to this downstream (readiness re-evaluates publication; snapshot build rejects an empty trivia substage). Phase 3 *prevents* it at the moment of archival.

## Product decision required (resolve before building)

Pick the archival semantics — this is a quiz-lifecycle UX call, not an implementation detail:

* **(A) Block archival** of a quiz while it is referenced by any active mission (operator must first swap the selection / deactivate the mission), **or**
* **(B) Cascade**: allow archival but automatically move affected missions out of `Ready`/`Active` (deactivate) and notify.

Record the decision in an ADR or the canon ledger addendum before writing the final AC.

## Missing capability

This needs a **quiz → mission inverse query** (""which active missions reference this quiz?"") that does not exist today — `IMissionRepository` is CRUD-only. New infrastructure, not a small add.

## Acceptance criteria (pending the decision above)

- [ ] Archivar un quiz referenciado por una misión activa aplica la semántica elegida (bloqueo **o** cascada de desactivación), de forma consistente.
- [ ] Existe una consulta inversa quiz→misiones que identifica las misiones activas que referencian un quiz dado.
- [ ] El handler de archivado (`ArchiveTriviaQuizCommandHandler` / `TriviaQuizArchivedEvent`) consume esa consulta y reacciona según la decisión de producto.
- [ ] Cobertura: unit del nuevo guard/handler + integración del flujo seleccionar→activar→archivar.

## Context (cited)

* `MissionActivationPolicy.EvaluateTrivia()` is structural-only and cannot see `TriviaQuiz.Status`.
* Publication is checked only at selection time (`TriviaQuizSelectionGuard.EnsurePublishedSelectionAsync`); nothing re-validates on archival.
* `ArchiveTriviaQuizCommandHandler` raises `TriviaQuizArchivedEvent`, which has **no** handler that touches missions.

## Blocked by

[DES-22](https://linear.app/desarrollo-equipo-12/issue/DES-22/hu-15-creacion-de-sesion-de-mision-desde-mision-activa) (HU-15) — Phases 1 & 2 of the fix must land first. See plan `plans/fix-published-quiz-readiness-gap.md` (Phase 3 section).","Done",,"Low","fb419a0e-c700-4169-8801-21490db42f94","Umbral Proyecto Desarrollo - Equipo 12","samuelpl0888@gmail.com",,"Feature, svc:mission-design-service",2,"Cycle 2","2026-06-15T04:00:00.000Z","2026-06-29T04:00:00.000Z","2026-06-21T20:36:29.368Z","2026-06-22T16:33:26.484Z",,,"2026-06-22T16:33:26.441Z",,,,,"",,,,"d18ef679-979c-4513-9318-6263c6365d96",29263,"DES-22","",
"DES-22","umbral-equipo-12","HU-15 - Creación de sesión de misión desde misión activa","## What to build

Permitir crear una sesión de misión seleccionando únicamente misiones activas y guardando una copia base del contenido al momento de la creación.

## Acceptance criteria

- [X] El operador solo puede seleccionar misiones activas para crear una sesión.
- [X] El sistema rechaza la creación desde misiones desactivadas.
- [X] La sesión creada queda asociada a una única misión fuente.
- [X] La sesión conserva una copia base de la misión al momento de su creación.

## Blocked by

HU-09, HU-10A, HU-10B","Done",,"High","fb419a0e-c700-4169-8801-21490db42f94","Umbral Proyecto Desarrollo - Equipo 12","samuelpl0888@gmail.com",,"canon-realign, Feature, needs-rebuild, ready-for-agent, svc:mission-design-service, svc:session-operations-service",2,"Cycle 2","2026-06-15T04:00:00.000Z","2026-06-29T04:00:00.000Z","2026-05-23T21:24:32.019Z","2026-06-22T01:50:54.422Z","2026-06-21T05:08:42.661Z",,"2026-06-21T20:53:17.353Z",,,,,"",,,,"120772e2-2640-486f-9a4a-803c6d22a271",30444,"DES-79, DES-78, DES-77, DES-76, DES-75, DES-28, DES-26, DES-25, DES-24, DES-14, DES-15","",
"DES-21","umbral-equipo-12","HU-14B - Reglas de validación de preguntas de trivia","## What to build

Validar que cada pregunta de trivia cumpla los rangos permitidos de opciones, puntaje y tiempo antes de considerarse jugable.

## Acceptance criteria

- [X] Cada pregunta debe tener entre 2 y 4 opciones de respuesta.
- [X] Cada pregunta debe tener exactamente una opción correcta.
- [X] Cada pregunta debe tener puntaje dentro del rango permitido.
- [X] Cada pregunta debe tener temporizador dentro del rango permitido.

## Blocked by

HU-14A","Done",,"High","fb419a0e-c700-4169-8801-21490db42f94","Umbral Proyecto Desarrollo - Equipo 12","samuelpl0888@gmail.com",,"Feature, ready-for-agent, svc:mission-design-service",1,"Cycle 1","2026-06-01T04:00:00.000Z","2026-06-15T04:00:00.000Z","2026-05-23T21:24:30.339Z","2026-06-02T01:23:00.568Z",,,"2026-06-02T01:23:00.548Z",,,,,"",,,,"7b34a20a-a59e-4ea2-a868-0f857a2f7f64",58974,"DES-23, DES-18, DES-20, DES-62","",
"DES-80","umbral-equipo-12","HU-14A follow-up — RemoveTriviaQuestion command + question-removal domain slot","## What to build

A `RemoveTriviaQuestion` use case so an administrator can delete an individual question (and its options) from an editable `TriviaQuiz`, plus the domain behavior it requires. This interface is in the PRD (`DES-62`) minimum application-interface set but was **deliberately deferred** out of HU-14A — not a defect. HU-14A's own prompt sanctioned the deferral and required it be recorded; this ticket is that scheduled follow-up.

## Why it was deferred (not a gap)

* The `TriviaQuiz` aggregate exposes only `AddQuestion` / `UpdateQuestion` (`backend/services/mission-design-service/src/Domain/Entities/TriviaQuiz.cs`) — there is **no per-question removal slot**. The only destructive path is whole-quiz `EnsureCanBeDestructivelyRemoved` / `DeleteTriviaQuiz`.
* The HU-14A prompt (`backend/docs/prompt_example_feature_hu14a.md`) authorized adding `RemoveTriviaQuestion` **only if** a clear removal slot already existed; otherwise keep scope to add/update and record the deferral. Recorded in `backend/docs/hu14a-context.md` (""Deferred scope — RemoveTriviaQuestion"") and the `DES-62` PRD note.

## Scope

* **Domain (X.1):** add `TriviaQuiz.RemoveQuestion(...)` raising a `TriviaQuestionRemoved` domain event; reconcile `sequenceOrder` of remaining questions; reject removal when the quiz state no longer permits authoring (published/archived) with a clear domain exception.
* **Application (X.2):** `RemoveTriviaQuestionCommand` + handler + validator; administrator-only authorization; not-found handling for quiz/question lookups; edit-blocked rejection. Route remove validation through the **existing Template Method authoring workflow**, not a forked rule sequence.
* **Infrastructure (X.3):** persistence/repository support for question removal; migration if the schema needs it.
* **Api (X.4):** `DELETE /trivia/{id}/questions/{qid}` → `RemoveTriviaQuestionCommand` (per `backend/docs/workflow_for_prompts.md`).

## Required pattern

`Template Method` — same obligation as HU-14A/14B: remove validation reuses the shared trivia-question authoring workflow with operation-specific steps. See `backend/docs/trivia_sprint_required_patterns_matrix.md`. No new pattern; no handler base-class restoration.

## Acceptance criteria

- [ ] Un administrador puede eliminar una pregunta de un quiz en estado editable; la pregunta y sus opciones dejan de existir y el `sequenceOrder` de las restantes queda consistente.
- [ ] Eliminar una pregunta en un quiz publicado/archivado se rechaza con una excepción de dominio clara (edit-blocked).
- [ ] Lookups de quiz/pregunta inexistentes devuelven not-found.
- [ ] El dominio emite `TriviaQuestionRemoved` al eliminar una pregunta.
- [ ] La validación de remove se enruta por el mismo workflow Template Method de autoría (sin secuencia de reglas duplicada).
- [ ] Cobertura: unit de dominio (`RemoveQuestion`, reconciliación de orden, guardas de estado) + unit handler/validator (camino válido + ramas de rechazo/error) + smoke del endpoint `DELETE`.

## Context (cited)

* PRD minimum interfaces + priority event: `backend/docs/prd/DES-62-mission-design-service-baseline.md` (`RemoveTriviaQuestion`, `TriviaQuestionRemoved`).
* Deferral rationale: `backend/docs/hu14a-context.md` → ""Deferred scope — RemoveTriviaQuestion"".
* Transport mapping: `backend/docs/workflow_for_prompts.md` (`DELETE /trivia/{id}/questions/{qid}` → `RemoveTriviaQuestionCommand`).

## Related

Follow-up to HU-14A ([DES-20](https://linear.app/desarrollo-equipo-12/issue/DES-20/hu-14a-gestion-de-preguntas-y-opciones-de-trivia), Done). No open blocker — builds on the landed authoring baseline.","Done",,"Low","fb419a0e-c700-4169-8801-21490db42f94","Umbral Proyecto Desarrollo - Equipo 12","samuelpl0888@gmail.com",,"Feature, ready-for-agent, svc:mission-design-service",3,"Cycle 3","2026-06-29T04:00:00.000Z","2026-07-13T04:00:00.000Z","2026-06-23T14:38:22.697Z","2026-07-12T02:41:39.785Z","2026-07-11T21:59:45.120Z",,"2026-07-12T02:41:39.762Z",,,,,"",,,,"504c6d9c-f1e0-40f1-b9fb-116dab341ac9",1295,"DES-20","",
"DES-20","umbral-equipo-12","HU-14A - Gestión de preguntas y opciones de trivia","## What to build

Permitir cargar preguntas de trivia con opciones, respuesta correcta, puntaje, temporizador y explicación opcional.

## Acceptance criteria

- [X] El administrador puede crear preguntas asociadas a un quiz.
- [X] Cada pregunta puede registrar entre 2 y 4 opciones de respuesta.
- [X] Cada pregunta define exactamente una opción correcta.
- [X] La explicación es opcional y se almacena junto a la pregunta.

## Blocked by

HU-11","Done",,"High","fb419a0e-c700-4169-8801-21490db42f94","Umbral Proyecto Desarrollo - Equipo 12","samuelpl0888@gmail.com",,"Feature, ready-for-agent, svc:mission-design-service",1,"Cycle 1","2026-06-01T04:00:00.000Z","2026-06-15T04:00:00.000Z","2026-05-23T21:24:29.250Z","2026-07-11T23:00:05.752Z","2026-06-01T21:18:12.116Z",,"2026-06-02T00:26:46.486Z",,,,,"",,,,"22adcd0a-9ab0-4af6-9669-321717443631",59030,"DES-23, DES-21, DES-18, DES-17, DES-80, DES-62","",
"DES-19","umbral-equipo-12","HU-13 - Duplicación y retiro de quizzes usados","## What to build

Permitir duplicar quizzes existentes y retirar de uso quizzes ya asignados sin perder su trazabilidad histórica.

## Acceptance criteria

- [X] El administrador puede duplicar un quiz existente para reutilizar su estructura.
- [X] Un quiz usado por una misión o snapshot de sesión no puede eliminarse del sistema.
- [X] Los quizzes usados pueden retirarse mediante archivado o desactivación.
- [X] La trazabilidad histórica del quiz original se conserva.

## Blocked by

HU-11, HU-12","Done",,"Medium","fb419a0e-c700-4169-8801-21490db42f94","Umbral Proyecto Desarrollo - Equipo 12","samuelpl0888@gmail.com",,"canon-realign, Feature, ready-for-agent, svc:mission-design-service",1,"Cycle 1","2026-06-01T04:00:00.000Z","2026-06-15T04:00:00.000Z","2026-05-23T21:24:26.758Z","2026-06-17T04:13:58.193Z","2026-06-03T12:54:37.048Z",,"2026-06-03T16:05:13.593Z",,,,,"",,,,"433fa4b2-e352-4c36-8ccb-47471c18cc4d",56652,"DES-18, DES-17, DES-62","",
"DES-18","umbral-equipo-12","HU-12 - Publicación y archivado de quizzes de trivia","## What to build

Controlar el ciclo de vida de quizzes para que solo el contenido válido y publicado pueda usarse en sesiones de trivia.

## Acceptance criteria

- [X] El sistema solo permite publicar quizzes que cumplan las reglas de validez definidas.
- [X] Solo quizzes publicados pueden usarse para crear sesiones de trivia.
- [X] Quizzes en borrador o archivados no pueden usarse para crear sesiones.
- [X] El estado del quiz se refleja correctamente en las vistas de administración y operación.

## Blocked by

HU-11, HU-14A, HU-14B","Done",,"High","fb419a0e-c700-4169-8801-21490db42f94","Umbral Proyecto Desarrollo - Equipo 12","samuelpl0888@gmail.com",,"canon-realign, Feature, ready-for-agent, svc:mission-design-service",1,"Cycle 1","2026-06-01T04:00:00.000Z","2026-06-15T04:00:00.000Z","2026-05-23T21:24:25.295Z","2026-07-11T23:00:07.890Z","2026-06-02T03:15:04.232Z",,"2026-06-03T12:36:10.791Z",,,,,"",,,,"470e8be9-fee8-4269-8383-bd8fc54df46e",56861,"DES-23, DES-19, DES-21, DES-17, DES-20, DES-62","",
"DES-17","umbral-equipo-12","HU-11 - Creación y edición de quizzes de trivia","## What to build

Permitir crear y editar quizzes de trivia mientras su estado lo permita, conservando la información base y sus preguntas.hu-23

## Acceptance criteria

- [X] El administrador puede crear un nuevo quiz de trivia.
- [X] El sistema permite editar un quiz mientras su estado lo permita.
- [X] El quiz conserva su información básica y sus preguntas asociadas.
- [X] Los cambios quedan disponibles para consulta antes de su publicación.

## Blocked by

None - can start immediately","Done",,"High","fb419a0e-c700-4169-8801-21490db42f94","Umbral Proyecto Desarrollo - Equipo 12","samuelpl0888@gmail.com",,"Feature, ready-for-agent, svc:mission-design-service",1,"Cycle 1","2026-06-01T04:00:00.000Z","2026-06-15T04:00:00.000Z","2026-05-23T21:24:23.760Z","2026-07-11T23:00:04.224Z","2026-06-01T17:51:01.052Z",,"2026-06-01T20:54:01.906Z",,,,,"",,,,"5e87b16b-fc38-41a6-b65a-1aa2ce68c407",59243,"DES-23, DES-20, DES-19, DES-18, DES-62","",
"DES-15","umbral-equipo-12","HU-10A - Estructura jerárquica de misiones","## What to build

Permitir modelar la estructura de una misión como un árbol acotado de nodos (`MissionNode`) con la jerarquía `Stage → Substage → Clue`. El dominio (no los handlers) hace cumplir qué hijos admite cada nodo (patrón Composite).

Cada `Substage` declara su `SubstagePlayMode` (`TreasureHunt` o `Trivia`), que determina su contenido jugable:

* **TreasureHunt**: la subetapa posee `Target`s ordenados. El `Target` es el objetivo QR-validado (progresión basada en targets); **no es un nodo de la jerarquía**, es contenido propiedad de la subetapa.
* **Trivia**: la subetapa referencia un único quiz publicado por identidad (el quiz completo).

Una `Clue` es guía **opcional** del jugador y puede asociarse a lo sumo a un `Target` de su **misma** subetapa; la asociación es solo guía y nunca resuelve ni avanza el `Target` ni la subetapa.

> Nota de modelo: el `nodeType` implementado es `{Stage, Substage, Clue}`. El `Target` se modela como entidad propiedad de la `Substage` en modo `TreasureHunt`, **no** como un tipo de nodo. (Corrige el texto previo, que omitía `SubstagePlayMode` y `Target`.)

## Acceptance criteria

### Jerarquía y contención (estructura)

- [ ] La misión permite registrar nodos `Stage`, `Substage` y `Clue` dentro de la jerarquía `Stage → Substage → Clue`.
- [ ] Una `Stage` solo admite hijos `Substage`; el sistema rechaza una `Clue` directa bajo una `Stage`.
- [ ] Una `Substage` solo admite hijos `Clue`; el sistema rechaza una `Substage` anidada dentro de otra `Substage`.
- [ ] Una `Clue` es nodo hoja: el sistema rechaza cualquier intento de asignarle nodos hijos.
- [ ] Cada `Stage` debe contener al menos una `Substage` para considerarse lista para runtime.
- [ ] Todo rechazo informa explícitamente que la estructura es inválida, indicando el tipo de nodo padre y el tipo de hijo no permitido.

### Modo de juego y contenido de la subetapa (canon)

- [ ] Cada `Substage` tiene exactamente un `SubstagePlayMode` (`TreasureHunt` o `Trivia`) fijado al crearse.
- [ ] En `TreasureHunt`, la subetapa posee `Target`s ordenados (objetivo QR-validado) y un puntaje de ganador; las operaciones de `Target` se rechazan si la subetapa no está en `TreasureHunt`.
- [ ] En `Trivia`, la subetapa referencia un único quiz publicado por identidad; las operaciones de `Target` no aplican.
- [ ] Una `Clue` puede asociarse a lo sumo a un `Target` de su misma subetapa; la asociación es opcional, es solo guía, y nunca resuelve ni avanza el `Target` ni la subetapa.

## Blocked by

HU-09","Done",,"High","fb419a0e-c700-4169-8801-21490db42f94","Umbral Proyecto Desarrollo - Equipo 12","samuelpl0888@gmail.com",,"canon-realign, Feature, ready-for-agent, svc:mission-design-service",2,"Cycle 2","2026-06-15T04:00:00.000Z","2026-06-29T04:00:00.000Z","2026-05-23T21:24:21.083Z","2026-06-21T03:28:25.033Z","2026-06-18T00:46:51.314Z",,"2026-06-21T03:28:25.004Z",,,,,"",,,,"330fe237-c4e3-4802-9781-dfc269135541",31489,"DES-22, DES-14, DES-64, DES-62","",
"DES-14","umbral-equipo-12","HU-09 - Gestión de misiones","## What to build

Permitir al administrador crear, consultar, editar y desactivar misiones que sirven como contenido base para sesiones.

**Needs rebuild, its already implemented (maybe better just delete what it has right now) mission is the high level wrapper, Mission has nodes ( missionNode has \`nodeType\`      | Distinguishes \`Stage\`, \`Substage\`, or \`Clue\` ). And the substages are either Trivia or TreasureHunt.**

## Acceptance criteria

- [X] El administrador puede crear una misión con sus datos básicos.
- [X] El administrador puede consultar y editar misiones existentes.
- [X] El administrador puede desactivar una misión sin eliminar su historial de uso.
- [X] Una misión desactivada no puede usarse para crear nuevas sesiones de misión.

## Blocked by

None - can start immediately","Done",,"High","fb419a0e-c700-4169-8801-21490db42f94","Umbral Proyecto Desarrollo - Equipo 12","samuelpl0888@gmail.com",,"canon-realign, Feature, missing-mission-sprint, needs-rebuild, ready-for-agent, svc:mission-design-service, Validate criteria",2,"Cycle 2","2026-06-15T04:00:00.000Z","2026-06-29T04:00:00.000Z","2026-05-23T21:23:43.025Z","2026-06-19T00:15:36.893Z","2026-05-31T23:33:27.871Z",,"2026-06-19T00:15:36.869Z",,,,,"",,,,"33b83a8a-efbb-42fc-9184-9c4a21cbe08c",56804,"DES-22, DES-15, DES-63, DES-62","",
"DES-12","umbral-equipo-12","HU-07B - Reconexión autorizada del participante","## What to build

Permitir que un participante ya autorizado retome la sesión y recupere el estado vigente de su equipo tras una desconexión.

**Validate criteria 4-fhastaelfinal**

## Acceptance criteria

- [X] Un participante autorizado puede reconectarse a una sesión activa.
- [X] Al reconectar, el participante recupera el estado vigente del equipo.
- [X] En trivia, no se permite late join después del inicio salvo reconexión de participantes ya autorizados.
- [X] La reconexión no expone contexto de otros equipos.
- [X] La reconexión restituye el estado vigente del equipo a través del canal en tiempo real (SignalR/WebSockets).
- [X] El hub llama a `POST /api/permissions/participant-membership-access` (Identity) en cada conexión —inicial y reconexión— antes de unir al participante al grupo de su equipo.
- [X] Solo si el `AccessDecision` retornado tiene `allow = true` se ejecuta `Groups.AddToGroupAsync(connectionId, teamGroupName)`.

## Blocked by

HU-07A","Done",,"High","fb419a0e-c700-4169-8801-21490db42f94","Umbral Proyecto Desarrollo - Equipo 12","samuelpl0888@gmail.com",,"canon-realign, Feature, svc:identity-access-service, svc:session-operations-service, Validate criteria",1,"Cycle 1","2026-06-01T04:00:00.000Z","2026-06-15T04:00:00.000Z","2026-05-23T21:23:40.450Z","2026-06-17T02:17:08.794Z","2026-06-03T18:33:46.159Z",,"2026-06-03T23:23:22.584Z",,,,,"",,,,"38019356-cdc6-4cf6-9cb6-3b6d946a9311",56214,"DES-59, DES-13, DES-11","",
"DES-11","umbral-equipo-12","HU-07A - Validación de membresía del participante en sesión","## What to build

Validar que un participante autenticado solo pueda entrar al equipo que le corresponde dentro de una sesión activa.

**Validate criteria** del 2-3

---

## Acceptance criteria

- [X] El sistema valida que el participante autenticado esté activo y tenga rol `Participant` antes de exponer contexto de sesión o equipo.
- [X] Si el participante ya tiene una asignación de equipo en la sesión, solo puede acceder al contexto de ese equipo; los demás equipos quedan bloqueados
- [X] Si el participante no tiene una asignación previa en la sesión, el sistema le permite seleccionar uno de los equipos disponibles de esa sesión y quedar asociado a ese equipo
- [X] La validación aplica antes de exponer estado compartido del equipo
- [X] El sistema expone los equipos de la sesión al participante autenticado, marcando cada uno como mine, joinable o locked según su estado de membresía
- [X] La admisión al canal en tiempo real (SignalR/WebSockets) se autoriza con esta validación de membresía antes de unir al participante al grupo de su equipo.

## Blocked by

HU-05, HU-06","Done",,"High","fb419a0e-c700-4169-8801-21490db42f94","Umbral Proyecto Desarrollo - Equipo 12","samuelpl0888@gmail.com",,"Feature, svc:identity-access-service, svc:session-operations-service, Validate criteria",1,"Cycle 1","2026-06-01T04:00:00.000Z","2026-06-15T04:00:00.000Z","2026-05-23T21:23:38.920Z","2026-06-15T22:13:28.368Z","2026-06-02T15:18:17.615Z",,"2026-06-03T12:44:25.902Z",,,,,"",,,,"eeb78b96-eace-420b-84bf-b1a4b85dcda9",56852,"DES-46, DES-13, DES-12, DES-10, DES-9, DES-69","",
"DES-10","umbral-equipo-12","HU-06 - Inicio de sesión de participantes","## What to build

Permitir el inicio de sesión de participantes desde el cliente móvil, restringiendo el acceso a usuarios con rol participante.

## Acceptance criteria

- [X] Cada participante debe iniciar sesión antes de acceder al flujo de juego.
- [X] El acceso al cliente móvil queda restringido a usuarios con rol participante.
- [X] Un participante autenticado accede solo a funcionalidades permitidas para su rol.
- [X] El sistema impide el acceso a usuarios no autenticados o desactivados.

## Blocked by

HU-01","Done",,"High","fb419a0e-c700-4169-8801-21490db42f94","Umbral Proyecto Desarrollo - Equipo 12","samuelpl0888@gmail.com",,"Feature, svc:identity-access-service",1,"Cycle 1","2026-06-01T04:00:00.000Z","2026-06-15T04:00:00.000Z","2026-05-23T21:23:37.756Z","2026-06-02T05:23:01.097Z",,,"2026-06-02T05:23:01.079Z",,,,,"",,,,"34b59fed-f464-4aac-aba1-8b1b283b841c",58734,"DES-58, DES-11, DES-5, DES-68","",
"DES-9","umbral-equipo-12","HU-05 - Asignación de participantes a equipos","## What to build

Permitir al administrador asociar participantes registrados a equipos activos y consultar la membresía de cada equipo.

## Acceptance criteria

- [X] El administrador y el operador pueden: asociar participantes registrados a un equipo activo.
- [X] Un participante asignado queda vinculado al equipo correspondiente.
- [X] El sistema permite consultar los participantes asociados a cada equipo.

## Blocked by

None - can start immediately","Done",,"High","fb419a0e-c700-4169-8801-21490db42f94","Umbral Proyecto Desarrollo - Equipo 12","samuelpl0888@gmail.com",,"Feature, ready-for-agent, svc:identity-access-service",1,"Cycle 1","2026-06-01T04:00:00.000Z","2026-06-15T04:00:00.000Z","2026-05-23T21:23:36.284Z","2026-06-06T14:10:45.264Z",,,"2026-05-31T22:32:58.117Z",,,,,"",,,,"22d9f7cd-6b55-4d02-a163-3457546c54d6",60584,"DES-11","",
"DES-8","umbral-equipo-12","HU-04 - Registro y mantenimiento de equipos","## What to build

Permitir al administrador crear, consultar, editar y desactivar equipos participantes disponibles para sesiones.

## Acceptance criteria

- [X] El administrador y el operador pueden: crear, consultar y editar equipos.
- [X] Cada equipo mantiene un identificador y datos básicos visibles para operación.
- [X] El administrador y el operador pueden: desactivar equipos sin eliminar su trazabilidad histórica.
- [X] Solo equipos activos pueden asociarse a nuevas sesiones.

## Blocked by

None - can start immediately","Done",,"High","fb419a0e-c700-4169-8801-21490db42f94","Umbral Proyecto Desarrollo - Equipo 12","samuelpl0888@gmail.com",,"Feature, ready-for-agent, svc:identity-access-service",1,"Cycle 1","2026-06-01T04:00:00.000Z","2026-06-15T04:00:00.000Z","2026-05-23T21:23:34.393Z","2026-06-15T22:05:02.520Z","2026-05-31T05:09:52.676Z",,"2026-05-31T22:32:18.487Z",,,,,"",,,,"82cf8644-153b-4a31-a791-707b72e471ed",60585,"DES-25","",
"DES-7","umbral-equipo-12","HU-03 - Asignación de roles y permisos","## What to build

Permitir al administrador asignar o cambiar roles de usuarios autorizados y aplicar permisos base por rol en toda la plataforma.

## Acceptance criteria

- [X] El administrador puede asignar o cambiar el rol de un usuario autorizado.
- [X] Cada rol posee permisos base asociados según el command.
- [X] El sistema muestra funcionalidades según el rol autenticado.
- [X] El sistema bloquea acciones no permitidas aunque el usuario intente acceder directamente a una ruta o endpoint.

## Blocked by

None - can start immediately","Done",,"High","fb419a0e-c700-4169-8801-21490db42f94","Umbral Proyecto Desarrollo - Equipo 12","samuelpl0888@gmail.com",,"Feature, ready-for-agent, svc:identity-access-service",1,"Cycle 1","2026-06-01T04:00:00.000Z","2026-06-15T04:00:00.000Z","2026-05-23T21:23:32.964Z","2026-07-11T23:00:03.563Z","2026-05-31T01:47:38.054Z",,"2026-05-31T04:58:47.918Z",,,,,"",,,,"43f6e31e-d69c-4b0f-9617-ecb9da203814",61638,"DES-26","",
"DES-6","umbral-equipo-12","HU-02 - Gestión de acceso de usuarios","## What to build

Permitir al administrador consultar usuarios registrados y desactivar su acceso sin perder trazabilidad histórica.

## Acceptance criteria

- [X] El administrador puede consultar información de usuarios registrados.
- [X] El administrador puede desactivar el acceso de un usuario sin eliminar su historial.
- [X] Un usuario desactivado no puede iniciar sesión.
- [X] Un usuario desactivado no puede acceder a funcionalidades protegidas.

## Blocked by

None - can start immediately","Done",,"High","fb419a0e-c700-4169-8801-21490db42f94","Umbral Proyecto Desarrollo - Equipo 12","samuelpl0888@gmail.com",,"Feature, ready-for-agent, svc:identity-access-service",1,"Cycle 1","2026-06-01T04:00:00.000Z","2026-06-15T04:00:00.000Z","2026-05-23T21:23:28.833Z","2026-05-31T01:39:21.665Z","2026-05-30T23:26:04.880Z",,"2026-05-31T01:39:21.654Z",,,,,"",,,,"666f9967-c052-4921-9460-bc34159f0729",61838,"","",
"DES-5","umbral-equipo-12","HU-01 - Inicio de sesión general de usuarios","## What to build

Implementar el inicio de sesión para usuarios registrados y el control de acceso a funcionalidades protegidas según el rol autenticado.

## Acceptance criteria

- [X] Un usuario registrado puede iniciar sesión con credenciales válidas.
- [X] El sistema identifica el rol del usuario autenticado.
- [X] El sistema bloquea usuarios no autenticados o desactivados.
- [X] El usuario autenticado solo puede acceder a funcionalidades permitidas por su rol.

## Blocked by

None - can start immediately","Done",,"High","fb419a0e-c700-4169-8801-21490db42f94","Umbral Proyecto Desarrollo - Equipo 12","samuelpl0888@gmail.com",,"Feature, svc:identity-access-service",1,"Cycle 1","2026-06-01T04:00:00.000Z","2026-06-15T04:00:00.000Z","2026-05-23T21:23:26.263Z","2026-06-06T14:01:36.357Z","2026-05-30T15:24:23.052Z",,"2026-05-30T22:29:11.390Z",,,,,"",,,,"3ccbf0de-3bb6-47e9-b7a1-5bba42d5bd34",62028,"DES-10","",
"DES-87","umbral-equipo-12","HARDENING - TargetSnapshot.Score es int? vestigial: DES-86 expandió la nulabilidad y nunca la contrajo","## What to build

Contraer la nulabilidad de `Score` en `session-operations-service`, de punta a punta. El `int?` es un residuo del paso *expand* de [DES-86](https://linear.app/desarrollo-equipo-12/issue/DES-86/refactor-puntaje-por-objetivo-per-target-scorevalue-en-lugar-de-winner): nunca hubo un paso *contract* que lo cerrara.

> **Reescrito 2026-07-10.** La versión original de este ticket afirmaba tres defectos. Solo uno existe. Ver §""Lo que este ticket NO hace"" — el recorte no es cosmético, dos de los tres ACs originales violaban ADR-0015 o describían un bug inexistente.

## Estado actual (verificado en código, 2026-07-10, post-[DES-86](https://linear.app/desarrollo-equipo-12/issue/DES-86/refactor-puntaje-por-objetivo-per-target-scorevalue-en-lugar-de-winner))

**El productor emite** `int` **no-nulable.** `backend/services/mission-design-service/src/Application/Dtos/Missions/MissionRuntimePlanDto.cs:25` expone `int Score`. El valor nace de un `ScoreValue`, cuyo `Create` (`.../Domain/ValueObjects/ScoreValue.cs:20-33`) rechaza `<= 0` y `> 100`.

**El relay lo recibe como** `int?`**.** La nulabilidad se propaga por toda la cadena:

| Sitio | Hoy |
| -- | -- |
| `session-operations-service/src/Infrastructure/Integrations/MissionDesign/MissionRuntimeSource.cs:112` | `int? Score` |
| `session-operations-service/src/Application/Dtos/Sessions/MissionRuntimeDto.cs:25` | `int? Score` |
| `session-operations-service/src/Domain/ValueObjects/TargetSnapshot.cs:59` | `public int? Score { get; }` |
| `session-operations-service/src/Infrastructure/Persistence/Configurations/LiveSessionConfiguration.cs:244` | `.HasColumnName(""score"")`, sin `.IsRequired()` |
| Migración `20260710043112_AddPerTargetScoreDropSubstageWinnerScore` | `nullable: true` |

**El** `null` **no puede llegar por el cable.** No hay productor que lo emita. La rama que lo compensa existe solo por eso:

```csharp
// Domain/Entities/MissionRuntimeSnapshot.cs:139
if (substageTargets.Any(target => target.Score is null || target.Score.Value <= 0))
{
    throw new TreasureHuntTargetSnapshotScoreRequiredException();
}
```

**La asimetría vive dentro del mismo archivo.** En `MissionRuntimeDto.cs`, el lado de trivia ya lo hizo bien: `int? Score` (línea 25, target) contra `int ScoreValue` (línea 35, trivia). Mismo contraste en `MissionRuntimeSource.cs` (líneas 112 y 140).

## Why now

[DES-86](https://linear.app/desarrollo-equipo-12/issue/DES-86/refactor-puntaje-por-objetivo-per-target-scorevalue-en-lugar-de-winner) hizo expand/contract sobre el modelo per-target. F1 ensanchó `session-operations` a `int?` para que conviviesen el escritor viejo y el nuevo; F3 contrajo `WinnerScore` pero nunca volvió por la nulabilidad. El tipo hoy admite un estado que ningún camino produce, y `MissionRuntimeSnapshot.cs:139` paga el costo de defenderse de él.

[DES-42](https://linear.app/desarrollo-equipo-12/issue/DES-42/hu-31-escaneo-validacion-y-registro-server-side-de-objetivo-qr) (HU-31) va a leer este `Score` para poblar el payload de `TargetResolved`, y [DES-51](https://linear.app/desarrollo-equipo-12/issue/DES-51/hu-37-ledger-de-puntaje-por-validaciones-respuestas-y-penalizaciones) (HU-37) lo va a acumular en `ScoreEntry`. Cuanto más abajo llegue el `int?`, más sitios tendrán que decidir qué hacer con un `null` que nunca ocurre.

## Acceptance criteria

- [ ] `TargetSnapshot.Score` pasa de `int?` a `int` no-nulable. **No** se introduce un `ScoreValue` propio de `SessionOperations` — ver §""Lo que este ticket NO hace"".
- [ ] El constructor de `TargetSnapshot` (`TargetSnapshot.cs:15-45`, que hoy valida `TargetSnapshotId` y `SubstageSnapshotId` y **no toca** `score`) gana un guard estructural `score > 0`. Un `TargetSnapshot` con puntaje no-positivo debe ser inconstruible. Sin cota superior.
- [ ] `MissionRuntimeDto.cs:25` y `MissionRuntimeSource.cs:112` pasan a `int`, alineándose con el `int ScoreValue` que el lado de trivia ya usa en ambos archivos.
- [ ] `LiveSessionConfiguration.cs:244` declara `.IsRequired()`.
- [ ] Una migración vuelve `score` `NOT NULL`. Antes de escribirla: verificar si la migración `20260710043112` dejó la columna poblada en todas las filas. Si hay `NULL`s persistidos, la migración necesita backfill antes del `ALTER`.
- [ ] La rama `target.Score is null` de `MissionRuntimeSnapshot.cs:139` desaparece.
- [ ] **Decidir dónde vive la mitad** `<= 0` **de ese guard.** El guard actual cubre *dos* condiciones y `TreasureHuntTargetSnapshotScoreRequiredException` las señala a ambas. Al mover la positividad a la construcción de `TargetSnapshot`, la invariante de agregado queda sin trabajo — pero la excepción no queda muerta por eso, queda *desubicada*: su nombre dice ""required"" (nulabilidad) y su referente pasaría a ser una violación de positividad detectada aguas arriba. Opciones: renombrarla a algo tipo `TargetSnapshotScoreMustBePositiveException` y lanzarla desde el constructor, o borrarla e introducir una nueva. Si se borra, actualizar `tests/UnitTests/Domain/Exceptions/ErrorCodeContractTests.cs:73` y el caso de `tests/UnitTests/Domain/Entities/MissionRuntimeSnapshotTests.cs:75`, que hoy la esperan. **Registrar el porqué.**
- [ ] Verificar que no exista ningún `TargetSnapshot` bajo una substage que no sea `TreasureHunt`. El guard de hoy solo alcanza targets de treasure-hunt; un `int` no-nulable con positividad en construcción aplica a *todos* los targets. Si el supuesto no se sostiene, el guard de construcción rompe un camino existente.
- [ ] Suites verdes en `session-operations-service`.

## Lo que este ticket NO hace

Dos de los tres frentes de la versión original de este ticket no sobreviven a la lectura del código. Se retiran, y quedan documentados acá para que no se refilen.

**No agrega cota superior.** La versión original afirmaba *""un* `Score` *de* `101` *o* `5000` *es rechazado, hoy no lo es""*, presentándolo como defecto. No lo es: `ScoreValue.Create` lanza `ScoreValueExceedsMaximumException` por encima de `MaximumPoints = 100`, y ningún camino construye un target fuera de rango. Peor: agregar el techo acá **viola [ADR-0015](<https://github.com/grupo-12-desarrollo-umbral/umbral/blob/develop/backend/docs/adr/0015-per-target-scoring-ownership.md>)**, ratificado después de que este ticket se escribiera. `100` es una constante de negocio de `MissionDesign`. Una segunda copia en el relay rechaza misiones válidas en silencio el día que el tope cambie. `> 0` y no-nulo son sanidad estructural; `<= 100` es regla de negocio con dueño, y el dueño no es `session-operations`.

**No espeja** `ScoreValue` **en** `SessionOperations`**.** El AC original ofrecía esto como opción (a), neutral contra la opción (b). No es neutral: ADR-0015 §Decision ubica explícitamente el cómputo de puntaje fuera de `session-operations`. `int` no-nulable es la única opción consistente con el ADR.

**No toca** `ScoreValue` **de** `mission-design`**,** que ya es correcto.

## Out of scope

* El evento `TargetResolved` y su payload — [DES-42](https://linear.app/desarrollo-equipo-12/issue/DES-42/hu-31-escaneo-validacion-y-registro-server-side-de-objetivo-qr).
* El ledger `ScoreEntry` — [DES-51](https://linear.app/desarrollo-equipo-12/issue/DES-51/hu-37-ledger-de-puntaje-por-validaciones-respuestas-y-penalizaciones).
* `mission-design-service/src/Application/Dtos/Trivias/TriviaQuestionDto.cs:9` (`int? ScoreValue = null`) — una asimetría de puntaje nulable *distinta*, del lado de trivia de `mission-design`. Sin ticket. Posiblemente deliberada.

## Notas

Origen: verificación posterior al merge de [DES-86](https://linear.app/desarrollo-equipo-12/issue/DES-86/refactor-puntaje-por-objetivo-per-target-scorevalue-en-lugar-de-winner) (PR #136, merge commit `995acc8`, 2026-07-10).

No es un bug con repro. Es una nulabilidad que ningún productor puede satisfacer, sostenida por una rama defensiva, sobre un campo que [DES-42](https://linear.app/desarrollo-equipo-12/issue/DES-42/hu-31-escaneo-validacion-y-registro-server-side-de-objetivo-qr) y [DES-51](https://linear.app/desarrollo-equipo-12/issue/DES-51/hu-37-ledger-de-puntaje-por-validaciones-respuestas-y-penalizaciones) van a convertir en puntaje real.

## Suggested skills

`ef-core-postgresql` (el `ALTER COLUMN ... SET NOT NULL` y su eventual backfill · `dotnet ef migrations add` corre desde la sesión principal, no desde un subagente)
`aspnet-backend-testing` (el destino de `TreasureHuntTargetSnapshotScoreRequiredException` y sus dos tests)","Done",,"Medium","fb419a0e-c700-4169-8801-21490db42f94","Umbral Proyecto Desarrollo - Equipo 12","samuelpl0888@gmail.com",,"svc:session-operations-service",3,"Cycle 3","2026-06-29T04:00:00.000Z","2026-07-13T04:00:00.000Z","2026-07-10T14:05:39.180Z","2026-07-13T00:05:36.869Z",,,"2026-07-13T00:05:36.849Z",,,,,"",,,,"29e99d1c-bb15-4ab7-a9e6-dce6144cfb11",11,"DES-51, DES-42, DES-86","",
"DES-91","umbral-equipo-12","Flaky integration test: AuthoritativeSessionTimerWorkerIntegrationTests.TickAsync_WhenQuestionTimerElapses_ClosesQuestionAndActivatesNext","## Summary

`AuthoritativeSessionTimerWorkerIntegrationTests.TickAsync_WhenQuestionTimerElapses_ClosesQuestionAndActivatesNext` (session-operations-service, Infrastructure.IntegrationTests) fails intermittently when run as part of the full parallel suite, but passes reliably on isolated re-run.

## Evidence

* Full suite run (`make -C backend test SVC=session-operations-service`): **244/245 passed**, this test failed with:

  ```
  Expected session!.ActiveQuestionIndex to be 1, but found <null>.
  at AuthoritativeSessionTimerWorkerIntegrationTests.cs:line 49
  ```
* Isolated re-run (`dotnet test --filter FullyQualifiedName~TickAsync_WhenQuestionTimerElapses_ClosesQuestionAndActivatesNext`): **passed** (1/1).

## Root cause (suspected)

Timing-sensitive background-worker test. It appears to rely on wall-clock elapsed-timer ticks and loses the race under parallel load, so the timer worker hasn't yet advanced `ActiveQuestionIndex` from null → 1 when the assertion runs. The ~1m suite duration and single-item isolated pass are consistent with a scheduling/timing race rather than a logic bug.

## Not a regression

Surfaced while verifying HU-M2 ([DES-84](https://linear.app/desarrollo-equipo-12/issue/DES-84/hu-m2-submit-first-answer-from-mobile)) Phase 0, which was a purely additive `Guid TriviaSubstageSnapshotId` field on `QuestionActivatedNotificationDto` / `ActiveQuestionSnapshotDto` — no change to question-index progression logic. The flake is pre-existing.

## Suggested fix

Make the test wait on a deterministic completion signal (poll the projected state / await the worker's tick completion) instead of assuming the tick has landed by assertion time. Avoid wall-clock sleeps.

## Repro

`make -C backend test SVC=session-operations-service` — fails intermittently; re-run the single test to confirm it passes in isolation.","Done",,"Low",,,"samuelpl0888@gmail.com",,"",3,"Cycle 3","2026-06-29T04:00:00.000Z","2026-07-13T04:00:00.000Z","2026-07-11T17:57:24.056Z","2026-07-11T18:28:57.266Z",,,"2026-07-11T18:28:57.255Z",,,,,"",,,,"90601da3-f5c8-485d-b0e3-1704a64d5a40",1788,"DES-84","",
"DES-81","umbral-equipo-12","EN-M1 — Mobile trivia contract spike (display + submit)","## Parent

Local plan: `mobile/plans/post-hu-34a-mobile-trivia-breakdown.md` (section `EN-M1 — Mobile gameplay contract spike`).

Backing backend work, all shipped: `DES-78` (HU-33A — synchronized trivia orchestration), `DES-45` (HU-33B — round close + final results), `DES-30`/`DES-77` (HU-22 — authoritative session timer), and now `DES-46` **(HU-34 — first-valid-answer registration + rejection), merged 2026-07-10 (PR #133)**.

## What to build

Freeze the participant-facing realtime + REST contract for `team-space` so the mobile app implements against verified backend shapes instead of guessed DTOs and event names. This is the gating enabler for `HU-M1` (display), `HU-M3` (closed state) and `HU-M2` (submit).

> **Rewritten 2026-07-10.** The original spike scoped *display only* and put submit out of scope because `DES-46` was unstarted. `DES-46` has shipped, so its answer contract exists and this spike freezes it too — that is why `DES-84`'s ""verify against HU-34 output"" clause moved here. The original also asserted a missing-broadcast gap that does not exist; see §""Correction"". Verified against code, 2026-07-10.

## Display contract — verify and type

* **Active-question broadcast** — `QuestionActivatedNotificationDto` via the `QuestionActivated` SignalR method, pushed to the participant-visible `live-session:{liveSessionId}` group (`SignalRSessionQuestionBroadcaster.cs:24-31`). Fields: `LiveSessionId`, `QuestionIndex`, `SequenceOrder`, `Prompt`, `Options` (read-only list), `TimeLimitSeconds`, `ActivatedAt`. **Not yet typed on mobile — add it.**
* **Active-question REST snapshot** — `ActiveQuestionSnapshotDto` nested in `SessionTimerSnapshotDto`, from `GET /sessions/{liveSessionId}/participants/timer?teamId=&token=` (`Participant` policy). Adds `RemainingSeconds` over the broadcast. Null when no question is active. This is the **reconnect/late-join** path — the broadcast is the steady-state path.
* **Countdown broadcast** — `SessionTimerUpdatedNotificationDto` via `SessionTimerUpdated`. Timer only; already typed in `mobile/src/lib/realtime/timer-types.ts` — confirm no drift.
* **Question-closed broadcast** — `QuestionClosedNotificationDto` via `QuestionClosed` (participant group). Fields: `LiveSessionId`, `QuestionIndex`, `ClosedAt`, `WasExpiredByTimer`. **Not yet typed on mobile — add it.**
* **Substage-advanced broadcast** — `SubstageAdvancedNotificationDto` via `SubstageAdvanced` (participant group). Confirm shape and type if `HU-M1`/`HU-M3` need it.
* **Session-state broadcast** — `SessionStateChangedNotificationDto` via `SessionStateChanged`; already typed on mobile — confirm no drift.

## Submit contract — verify and type (new — folded in from [DES-84](https://linear.app/desarrollo-equipo-12/issue/DES-84/hu-m2-submit-first-answer-from-mobile))

Frozen by `DES-46`; recorded in `backend/docs/prompt_example_feature_hu34.md` §9. This spike transcribes it, it does not re-derive it.

* **Endpoint** — `POST /sessions/{liveSessionId}/participants/answers`, `Participant` policy (`SessionsController.cs:162`).
* **Request** — `SubmitTriviaAnswerRequest`: `TeamId`, `TriviaSubstageSnapshotId`, `QuestionSequenceOrder`, `SelectedOptionSequenceOrder`, `Token?` (`SessionsController.cs:247`).
* **Accepted response (200)** — `SubmitTriviaAnswerResultDto`: `LiveSessionId`, `TeamId`, `TriviaSubstageSnapshotId`, `QuestionSequenceOrder`, `AnsweredAt`. **Acceptance metadata only** — no `IsCorrect`, no `ScoreValue`, no selected option. Correctness/points are withheld from every realtime surface by design (fairness) and surface only after close (HU-35) / downstream scoring (HU-37).
* **Rejections** — RFC 7807 ProblemDetails via the global handler, each with a stable `reasonCode` slug:
  * `late-trivia-answer` — after the timer window closed
  * `duplicate-trivia-answer` — team already answered this question
  * `trivia-answer-requires-active-question` — no active question
  * `trivia-answer-requires-active-session` — session not `Active`
  * `trivia-answer-requires-trivia-substage` — active substage is not trivia
  * `invalid-trivia-answer-option` — option order not valid for the question
  * `answer-submitter-is-not-session-participant` — forbidden / wrong-team
* **Operator-only signal** — `TeamAnsweredNotificationDto` via `TeamAnswered`, broadcast to the operator-only group, **not** the participant group. Deliberately carries no correctness/score/option. The mobile participant client does **not** consume it — noted so `HU-M2` does not wire to it by mistake. It belongs to `DES-49` (web operator monitor).

## Correction — the ""missing QuestionOpened broadcast"" gap does not exist

The original spike documented that there is *no* `QuestionOpened`/`ActiveQuestionActivated` broadcast and that prompt/options are reachable only via REST, then asked the spike to choose a REST-fallback fetch strategy. **That is wrong as of the current code.** `QuestionActivated` (above) pushes `Prompt` + `Options` to the participant group on activation. The REST snapshot is the reconnect/late-join path, not the only path. No new backend broadcast needs proposing.

## Real gap to document instead — sourcing `TriviaSubstageSnapshotId` for submit

Submit **requires** `TriviaSubstageSnapshotId`, but **neither** `QuestionActivatedNotificationDto` **nor** `ActiveQuestionSnapshotDto` carries it — both key the question by `(QuestionIndex, SequenceOrder)` only. The mobile client must obtain the substage snapshot id from some already-available surface (e.g. the session/substage snapshot the team joined against) or the spike proposes adding it to the active-question shapes in a downstream backend ticket. **Pick the smallest honest strategy that does not invent backend behavior, and record the trade-off.** This replaces the (non-existent) fetch-strategy gap as the spike's one open decision.

## Mobile deliverables

* Typed DTOs under `mobile/src/lib/realtime/` (or a sibling for REST) mirroring: `QuestionActivatedNotificationDto`, `QuestionClosedNotificationDto`, `ActiveQuestionSnapshotDto`, the submit request/result shapes, and the rejection `reasonCode` set.
* Extend `SessionsHubClient` (`mobile/src/lib/realtime/sessions-hub.ts`) with `onQuestionActivated` and `onQuestionClosed` handlers returning an unsubscribe, mirroring the existing `onTimerUpdated`/`onStateChanged` pattern.
* A submit helper (or a documented note on where it should live) for `POST …/participants/answers`, plus a typed rejection-reason union.
* A contract note under `mobile/docs/` recording every verified shape above, the chosen `TriviaSubstageSnapshotId` sourcing strategy and its trade-off, and any drift found against existing mobile types.

## Acceptance criteria

- [ ] Mobile has typed DTOs mirroring `QuestionActivatedNotificationDto`, `QuestionClosedNotificationDto`, and `ActiveQuestionSnapshotDto`.
- [ ] Mobile has typed request/result DTOs for the submit endpoint and a typed union of the seven rejection `reasonCode` slugs.
- [ ] `SessionsHubClient` exposes `onQuestionActivated` and `onQuestionClosed`, each returning an unsubscribe, consistent with `onTimerUpdated`/`onStateChanged`.
- [ ] The countdown (`SessionTimerUpdated`) and session-state (`SessionStateChanged`) broadcasts are confirmed unchanged or any drift is documented.
- [ ] The contract note records the chosen `TriviaSubstageSnapshotId` sourcing strategy and its trade-off.
- [ ] No invented backend shapes — every typed DTO maps to a real backend DTO, broadcast, or endpoint documented in the note.
- [ ] The note states explicitly that `TeamAnswered` is operator-only and the participant client does not consume it.

## Blocked by

None — every backend dependency has shipped. `HU-22` (`DES-30`/`DES-77`), `HU-33A` (`DES-78`), `HU-33B` (`DES-45`), and `HU-34` (`DES-46`, PR #133) are all done. This spike now freezes **both** the display and the submit contract, so `DES-84` no longer verifies backend shapes — it consumes this note.","Done",,"No priority",,,"samuelpl0888@gmail.com",,"mobile",3,"Cycle 3","2026-06-29T04:00:00.000Z","2026-07-13T04:00:00.000Z","2026-07-09T12:33:56.120Z","2026-07-11T00:46:04.701Z",,,"2026-07-11T00:46:04.684Z",,,,,"",,,,"9f581a9c-026b-4f03-9e38-b25e347273f2",2851,"DES-82, DES-45, DES-30, DES-78","",
"DES-90","umbral-equipo-12","Remove hand-rolled RabbitMQ.Client publisher and refresh conventions","## What to build

With all three integration events now publishing through MassTransit ([DES-88](https://linear.app/desarrollo-equipo-12/issue/DES-88/bootstrap-masstransit-rabbitmq-and-publish-questionclosed-end-to-end), [DES-89](https://linear.app/desarrollo-equipo-12/issue/DES-89/migrate-sessionresultsfinalized-and-answerregistered-to-masstransit)), delete the hand-rolled RabbitMQ plumbing and drop the direct `RabbitMQ.Client` dependency, leaving MassTransit as the single messaging path.

Remove / retire:

* `RabbitMqIntegrationEventPublisher` (the ~250-line manual connection/channel/drain-loop publisher).
* The `IIntegrationEventPublisher` seam and its DI registration, now that handlers publish via `IPublishEndpoint` directly.
* `RabbitMqOptions` (superseded by MassTransit's RabbitMQ host configuration).
* The `RabbitMQ.Client` package reference from `Infrastructure.csproj` and its pin in `Directory.Packages.props`.

Also:

* Update or delete the old `RabbitMqIntegrationEventPublisherTests` and any tests that reference the removed types; keep coverage of the three events via the MassTransit-based integration tests.
* Refresh the `backend/.claude/skills/rabbitmq-events-dotnet` skill doc so its conventions describe the MassTransit + RabbitMQ approach actually used (bus registration, `IPublishEndpoint`, `[EntityName]`, automatic `_error` queue), rather than the hand-rolled `RabbitMQ.Client` patterns it currently prescribes.

## Acceptance criteria

- [ ] `RabbitMqIntegrationEventPublisher`, `IIntegrationEventPublisher`, and `RabbitMqOptions` are deleted along with their DI registrations.
- [ ] The `RabbitMQ.Client` package reference and its central version pin are removed; the solution builds without it.
- [ ] No production code references the removed types; `grep` for `RabbitMQ.Client`, `IModel`/`IChannel`, `BasicPublishAsync`, `IIntegrationEventPublisher` returns only MassTransit-era code (or nothing).
- [ ] Obsolete tests are removed/rewritten; the MassTransit integration tests remain green (skipping gracefully without Docker).
- [ ] The `rabbitmq-events-dotnet` skill doc reflects the MassTransit conventions in use.
- [ ] Full build and test suite pass.

## Blocked by

* [DES-89](https://linear.app/desarrollo-equipo-12/issue/DES-89/migrate-sessionresultsfinalized-and-answerregistered-to-masstransit)","Canceled",,"No priority",,,"samuelpl0888@gmail.com",,"ready-for-agent, svc:session-operations-service",,,,,"2026-07-11T14:11:34.725Z","2026-07-11T14:15:20.385Z",,,,"2026-07-11T14:15:20.372Z",,,,"",,,,"6faf0e11-cf63-475a-812b-c13ba0f786e2",2042,"DES-88, DES-89","",
"DES-89","umbral-equipo-12","Migrate SessionResultsFinalized and AnswerRegistered to MassTransit","## What to build

Move the remaining two integration events onto the MassTransit publish path proven in [DES-88](https://linear.app/desarrollo-equipo-12/issue/DES-88/bootstrap-masstransit-rabbitmq-and-publish-questionclosed-end-to-end), so all three events publish through `IPublishEndpoint` and the routing-key `switch` in the old publisher is no longer exercised.

Events to migrate:

* `SessionResultsFinalizedIntegrationEvent` → exchange name `session-results-finalized`
* `AnswerRegisteredIntegrationEvent` → exchange name `session-answer-registered`

Follow the exact conventions established in [DES-88](https://linear.app/desarrollo-equipo-12/issue/DES-88/bootstrap-masstransit-rabbitmq-and-publish-questionclosed-end-to-end):

* Publish directly via `IPublishEndpoint.Publish(...)` from each event's MediatR `INotificationHandler` (`PublishSessionResultsFinalizedIntegrationEventHandler`, `PublishAnswerRegisteredIntegrationEventHandler`). No `IIntegrationEventPublisher` indirection.
* Give each contract a short, readable exchange name via the built-in `[EntityName(""..."")]` attribute (kebab-case, matching the old routing-key spirit).
* No custom topology, no outbox, no custom retry — the automatic `_error` queue is sufficient.

After this slice, the hand-rolled `RabbitMqIntegrationEventPublisher` is dead code for all three events (its removal happens in the cleanup slice).

## Acceptance criteria

- [ ] `SessionResultsFinalizedIntegrationEvent` and `AnswerRegisteredIntegrationEvent` publish through `IPublishEndpoint.Publish(...)` from their MediatR handlers.
- [ ] Each carries an `[EntityName(""..."")]` short exchange name (`session-results-finalized`, `session-answer-registered`).
- [ ] Integration tests (Testcontainers.RabbitMq) assert delivery of both events through the real handler/bus, skipping gracefully when Docker is unavailable.
- [ ] All three integration events now flow through MassTransit; the old publisher's routing-key `switch` is no longer invoked in production paths.
- [ ] Build and existing tests pass.

## Blocked by

* [DES-88](https://linear.app/desarrollo-equipo-12/issue/DES-88/bootstrap-masstransit-rabbitmq-and-publish-questionclosed-end-to-end)","Canceled",,"No priority",,,"samuelpl0888@gmail.com",,"ready-for-agent, svc:session-operations-service",,,,,"2026-07-11T14:11:18.420Z","2026-07-11T14:15:17.565Z",,,,"2026-07-11T14:15:17.550Z",,,,"",,,,"bce42332-a59c-4bc7-85f0-ef02a6bb9aa5",2042,"DES-90, DES-88","",
"DES-55","umbral-equipo-12","HU-39B - Ranking en tiempo real para sesiones de trivia","'> **Plegado 2026-07-09 en HU-39 (**[DES-54](https://linear.app/desarrollo-equipo-12/issue/DES-54/hu-39-ranking-en-tiempo-real-de-la-sesion)**).** La trivia es una subetapa sincronizada dentro de una misión (commit `c35f6c2`), no una sesión aparte, de modo que ""ranking de sesiones de trivia"" carecía de referente. `Ranking` pertenece a exactamente una `LiveSession`.
>
> **No estaba vacío.** Sus dos ACs propias se conservaron en [DES-54](https://linear.app/desarrollo-equipo-12/issue/DES-54/hu-39-ranking-en-tiempo-real-de-la-sesion): la proyección asíncrona vía RabbitMQ, y el cierre de pregunta de trivia como hecho que afecta el puntaje. Sus bloqueos sobre [DES-33](https://linear.app/desarrollo-equipo-12/issue/DES-33/hu-24b-panel-del-operador-en-tiempo-real-de-eventos-evidencias-y), [DES-34](https://linear.app/desarrollo-equipo-12/issue/DES-34/hu-25a-consultas-operativas-para-administrador-y-operador), [DES-35](https://linear.app/desarrollo-equipo-12/issue/DES-35/hu-25b-consulta-de-tablero-y-ranking-para-participante), [DES-48](https://linear.app/desarrollo-equipo-12/issue/DES-48/hu-35-revelacion-de-resultado-y-explicacion-en-trivia), [DES-57](https://linear.app/desarrollo-equipo-12/issue/DES-57/hu-40b-historial-de-puntaje-ranking-y-revision-post-sesion) y [DES-61](https://linear.app/desarrollo-equipo-12/issue/DES-61/enabler-consultas-separadas-de-comandos) se re-apuntaron a [DES-54](https://linear.app/desarrollo-equipo-12/issue/DES-54/hu-39-ranking-en-tiempo-real-de-la-sesion).
>
> **Cancelado, no archivado** — el archivado es un paso manual en la UI de Linear.

## What to build (histórico)

Mostrar la posición del equipo en el ranking de sesiones de trivia y actualizarla al cierre de cada pregunta.

## Acceptance criteria (histórico — ahora en [DES-54](https://linear.app/desarrollo-equipo-12/issue/DES-54/hu-39-ranking-en-tiempo-real-de-la-sesion))

- [ ] El sistema muestra el ranking ordenado de mayor a menor puntaje.
- [ ] Cuando existe empate, el sistema aplica el criterio de tiempo de resolución definido.
- [ ] En sesiones de trivia, el ranking se actualiza después del cierre de cada pregunta.
- [ ] El ranking queda disponible para participantes y operación en tiempo real.
- [ ] El ranking de trivia se difunde a participantes y operación en tiempo real vía SignalR/WebSockets tras el cierre de cada pregunta.
- [ ] La proyección de ranking se actualiza consumiendo los eventos de puntaje publicados en RabbitMQ, de forma asíncrona respecto al flujo principal.","Canceled",,"High","fb419a0e-c700-4169-8801-21490db42f94","Umbral Proyecto Desarrollo - Equipo 12","samuelpl0888@gmail.com",,"canon-realign, Feature, svc:scoring-monitoring-service",,,,,"2026-05-23T21:27:58.022Z","2026-07-09T18:03:25.495Z",,,,"2026-07-09T17:14:57.555Z",,,,"",,,,"b490bd01-dd28-4473-87b0-df54235a5f73",4742,"DES-52, DES-45, DES-54","",
"DES-52","umbral-equipo-12","HU-37B - Actualización de ranking tras cambios de puntaje","'> **Plegado 2026-07-09 en HU-39 (**[DES-54](https://linear.app/desarrollo-equipo-12/issue/DES-54/hu-39-ranking-en-tiempo-real-de-la-sesion)**).** No es trabajo nuevo: el refresco de ranking tras cambios de puntaje es parte de la derivación del ranking, no un entregable aparte. Su AC de fuente-ledger (*""La proyección de ranking toma como fuente el ledger de puntaje""*) se conservó en [DES-54](https://linear.app/desarrollo-equipo-12/issue/DES-54/hu-39-ranking-en-tiempo-real-de-la-sesion). Los bloqueos que ejercía sobre [DES-54](https://linear.app/desarrollo-equipo-12/issue/DES-54/hu-39-ranking-en-tiempo-real-de-la-sesion) y [DES-55](https://linear.app/desarrollo-equipo-12/issue/DES-55/hu-39b-ranking-en-tiempo-real-para-sesiones-de-trivia) se retiraron. Ver `backend/docs/prd/DES-85-*.md`.
>
> **Cancelado, no archivado** — el archivado es un paso manual en la UI de Linear.

## What to build (histórico)

Actualizar el ranking después de cambios que afecten el puntaje de un equipo.

## Acceptance criteria (histórico — ahora en [DES-54](https://linear.app/desarrollo-equipo-12/issue/DES-54/hu-39-ranking-en-tiempo-real-de-la-sesion))

- [ ] El ranking se actualiza después de cambios que afecten el puntaje.
- [ ] La proyección de ranking toma como fuente el ledger de puntaje.
- [ ] La actualización ocurre tanto para validaciones como para penalizaciones o respuestas correctas.
- [ ] El ranking actualizado queda disponible para consumo en tiempo real.
- [ ] El ranking actualizado se difunde a clientes y operación en tiempo real vía SignalR/WebSockets.","Canceled",,"High","fb419a0e-c700-4169-8801-21490db42f94","Umbral Proyecto Desarrollo - Equipo 12","samuelpl0888@gmail.com",,"Feature, svc:scoring-monitoring-service",,,,,"2026-05-23T21:27:16.977Z","2026-07-09T18:03:26.899Z",,,,"2026-07-09T17:14:42.623Z",,,,"",,,,"81796c99-053d-4616-8978-fc513bcbf4d1",4742,"DES-55, DES-54","",
"DES-47","umbral-equipo-12","HU-34B - Rechazo de respuestas tardías o repetidas en trivia","'> ## ⛔ SUPERSEDED — NO IMPLEMENTAR
>
> **Fusionada en** [DES-46](https://linear.app/desarrollo-equipo-12/issue/DES-46/hu-34-registro-y-rechazo-de-respuestas-de-equipo-en-trivia) **(**`HU-34`**) el 2026-07-09.** Los cuatro criterios
> de aceptación de esta HU fueron absorbidos íntegramente por [DES-46](https://linear.app/desarrollo-equipo-12/issue/DES-46/hu-34-registro-y-rechazo-de-respuestas-de-equipo-en-trivia) bajo la sección
> *""Rechazo de respuestas tardías o repetidas""*. Aceptación y rechazo son las dos ramas de
> una misma escritura (guard first-write-wins), no dos entregables.
>
> **Este ticket queda pendiente de archivado manual** — el servidor MCP de Linear no puede
> archivar. No tomar este ticket. No abrir PR contra él. Cualquier trabajo va a [DES-46](https://linear.app/desarrollo-equipo-12/issue/DES-46/hu-34-registro-y-rechazo-de-respuestas-de-equipo-en-trivia).
>
> Ver `backend/docs/ab-ticket-merge-validation-handoff-2026-07-09.md`.

---

## What to build (histórico — absorbido en [DES-46](https://linear.app/desarrollo-equipo-12/issue/DES-46/hu-34-registro-y-rechazo-de-respuestas-de-equipo-en-trivia))

Rechazar respuestas enviadas fuera de tiempo o nuevos intentos para la misma pregunta y equipo en trivia, como evidencia de trivia no admisible.

## Acceptance criteria (histórico — absorbido en [DES-46](https://linear.app/desarrollo-equipo-12/issue/DES-46/hu-34-registro-y-rechazo-de-respuestas-de-equipo-en-trivia))

- [ ] El sistema rechaza respuestas tardías.
- [ ] El sistema rechaza nuevos intentos para la misma pregunta y equipo.
- [ ] La respuesta final registrada (evidencia de trivia) no puede sobrescribirse.
- [ ] El rechazo informa el motivo de forma consistente.

## Blocked by

HU-34A","Canceled",,"Medium","fb419a0e-c700-4169-8801-21490db42f94","Umbral Proyecto Desarrollo - Equipo 12","samuelpl0888@gmail.com",,"Feature, svc:session-operations-service",3,"Cycle 3","2026-06-29T04:00:00.000Z","2026-07-13T04:00:00.000Z","2026-05-23T21:27:09.920Z","2026-07-09T16:31:10.462Z",,,,"2026-07-09T16:31:10.438Z",,,,"",,,,"ba0416bb-5751-428f-a393-8bf34a788c6b",18274,"DES-46","",
"DES-44","umbral-equipo-12","HU-33A - Orquestación automatizada de trivia por rondas","## What to build

Ejecutar sesiones de trivia con una secuencia automatizada de cuenta regresiva, activación y cierre de preguntas.

## Acceptance criteria

- [X] Al iniciar la sesión, el sistema ejecuta una cuenta regresiva previa al juego.
- [X] El sistema activa cada pregunta según su temporizador.
- [X] El operador supervisa la partida sin controlar manualmente cada cambio.
- [X] La secuencia avanza de forma consistente entre preguntas.
- [X] La cuenta regresiva y la activación de cada pregunta se difunden a los clientes en tiempo real vía SignalR/WebSockets, sin recarga manual.

## Blocked by

HU-16, HU-21A, HU-22","Canceled",,"High","fb419a0e-c700-4169-8801-21490db42f94","Umbral Proyecto Desarrollo - Equipo 12","samuelpl0888@gmail.com",,"canon-realign, Feature, svc:session-operations-service",1,"Cycle 1","2026-06-01T04:00:00.000Z","2026-06-15T04:00:00.000Z","2026-05-23T21:27:04.146Z","2026-07-09T16:27:00.440Z","2026-06-04T20:51:39.603Z",,,"2026-06-30T14:19:32.150Z",,,,"",,,,"407be427-9217-4d0d-aac3-609322d7cc11",18913,"DES-23, DES-28, DES-30, DES-78","",
"DES-30","umbral-equipo-12","HU-22 - Temporizador autoritativo de sesión","## What to build

Exponer al participante el tiempo restante de la sesión o ronda activa usando un temporizador autoritativo del backend.

**Missing mission part (criteria 1)**

## Acceptance criteria

- [ ] En sesiones de misión, el sistema muestra el tiempo restante de la sesión
- [X] En sesiones de trivia, el sistema muestra el tiempo restante de la pregunta activa.
- [X] Cuando la sesión se pausa, el temporizador se congela.
- [X] Al reanudar o reconectar, el sistema muestra el tiempo vigente correcto.
- [X] El tiempo restante se emite a los clientes en tiempo real vía SignalR/WebSockets, reflejando pausa, reanudación y reconexión.

## Blocked by

HU-21A","Canceled",,"High","fb419a0e-c700-4169-8801-21490db42f94","Umbral Proyecto Desarrollo - Equipo 12","samuelpl0888@gmail.com",,"canon-realign, Feature, missing-mission-sprint, svc:session-operations-service",1,"Cycle 1","2026-06-01T04:00:00.000Z","2026-06-15T04:00:00.000Z","2026-05-23T21:25:26.372Z","2026-07-09T16:27:22.324Z","2026-06-04T16:16:14.562Z",,,"2026-06-30T14:18:13.417Z",,,,"",,,,"f2d6f6aa-6865-4b14-9c55-25ef58145e22",17879,"DES-44, DES-28, DES-81, DES-77","",
"DES-28","umbral-equipo-12","HU-21A - Transiciones válidas de estado de sesión","## What to build

Implementar la máquina de estados de sesión con transiciones permitidas para programada, en preparación, activa, pausada, finalizada y cancelada.

**Validate criteria 1**

## Acceptance criteria

- [X] La sesión expone al menos los estados programada, en preparación, activa, pausada, finalizada y cancelada.
- [X] El operador solo puede ejecutar cambios de estado permitidos.
- [X] El sistema rechaza transiciones inválidas e informa el motivo.
- [X] Las reglas de transición aplican de forma consistente en toda la operación.
- [X] Cada transición de estado válida se propaga a los clientes y al panel del operador en tiempo real vía SignalR/WebSockets, sin recarga manual.

## Blocked by

HU-15, HU-16, HU-18, HU-19","Canceled",,"High","fb419a0e-c700-4169-8801-21490db42f94","Umbral Proyecto Desarrollo - Equipo 12","samuelpl0888@gmail.com",,"canon-realign, Feature, svc:session-operations-service, Validate criteria",1,"Cycle 1","2026-06-01T04:00:00.000Z","2026-06-15T04:00:00.000Z","2026-05-23T21:25:21.472Z","2026-07-09T16:27:14.543Z",,,,"2026-06-30T14:17:18.222Z",,,,"",,,,"692065ce-6115-47c4-99e9-9872b2fd2db1",17880,"DES-44, DES-30, DES-22, DES-23, DES-26, DES-25, DES-76","",
"DES-23","umbral-equipo-12","HU-16 - Creación de sesiones trivia","## What to build

Permitir crear sesiones de trivia usando únicamente quizzes publicados y generando una copia fija del quiz al crear la sesión.

## Acceptance criteria

- [X] El operador solo puede seleccionar quizzes publicados al crear una sesión trivia.
- [X] El sistema genera una copia fija del quiz al crear la sesión.
- [X] La sesión queda asociada a un único quiz fuente.
- [X] El sistema impide crear sesiones trivia desde quizzes en borrador o archivados.

## Blocked by

HU-11, HU-12, HU-14A, HU-14B","Canceled",,"High","fb419a0e-c700-4169-8801-21490db42f94","Umbral Proyecto Desarrollo - Equipo 12","samuelpl0888@gmail.com",,"canon-realign, Feature, svc:mission-design-service, svc:session-operations-service",1,"Cycle 1","2026-06-01T04:00:00.000Z","2026-06-15T04:00:00.000Z","2026-05-23T21:24:35.847Z","2026-06-30T14:17:00.925Z","2026-06-03T19:40:09.390Z",,,"2026-06-30T14:17:00.888Z",,,,"",,,,"7ca57c72-b9d1-4ca9-b08d-a4dfb92bfe25",17880,"DES-44, DES-28, DES-26, DES-25, DES-24, DES-18, DES-21, DES-17, DES-20, DES-75","",
"DES-88","umbral-equipo-12","Bootstrap MassTransit + RabbitMQ and publish QuestionClosed end-to-end","## What to build

Introduce MassTransit as the messaging layer for `session-operations-service`, backed by the RabbitMQ transport, and prove the full publish path end-to-end with the **first** integration event: `QuestionClosedIntegrationEvent`.

Today the service publishes with a hand-rolled `RabbitMqIntegrationEventPublisher` (RabbitMQ.Client 7.1.2) behind the `IIntegrationEventPublisher` seam. This slice stands up the standard MassTransit stack **alongside** that code (the old publisher stays for the other two events until later slices) and migrates only the `QuestionClosed` flow so the whole vertical path — contract → publish → RabbitMQ → bound consumer — is demonstrable.

Approach (agreed conventions):

* Register the bus with the canonical `builder.Services.AddMassTransit(x => x.UsingRabbitMq(...))`. No custom topology or formatters.
* Publish via MassTransit's standard `IPublishEndpoint.Publish(...)` directly from the MediatR `INotificationHandler` (`PublishQuestionClosedIntegrationEventHandler`). We are **not** keeping the `IIntegrationEventPublisher` abstraction for the migrated path — the handler uses `IPublishEndpoint` directly, which is the idiomatic MassTransit pattern.
* **MassTransit-native topology**, but give the message a short, readable exchange name using the built-in `[EntityName(""session-question-closed"")]` attribute on the `QuestionClosedIntegrationEvent` record. This keeps the RabbitMQ management UI showing a domain-meaningful exchange name (matching the old `session.question.closed` spirit) instead of the full C# type name — a one-attribute, fully-documented tweak.
* Replace the hardcoded option defaults with **real configuration**: bind RabbitMQ host/port/vhost/credentials from `appsettings.json` + environment variables, and add the corresponding `RabbitMq__*` (or MassTransit) env vars to `backend/docker-compose.yml` for the `session-operations` service, pointing at the existing `rabbitmq` compose service.

MassTransit's default behavior gives a dead-letter `<queue>_error` queue automatically — no extra configuration needed. Do **not** add a transactional outbox or custom retry policy in this slice (deferred as out of scope).

## Acceptance criteria

- [ ] `MassTransit` and `MassTransit.RabbitMQ` package references are added (version pinned centrally in `Directory.Packages.props`).
- [ ] The bus is registered with `AddMassTransit(...).UsingRabbitMq(...)` and started via the Generic Host (bus starts/stops with the app).
- [ ] RabbitMQ connection settings are read from configuration (appsettings + env vars), not hardcoded defaults; docker-compose passes the broker host/credentials to the service.
- [ ] `QuestionClosedIntegrationEvent` is published through `IPublishEndpoint.Publish(...)` from its MediatR handler; the message carries the `[EntityName(""session-question-closed"")]` exchange name.
- [ ] An integration test (Testcontainers.RabbitMq) spins up a broker, publishes a `QuestionClosed` event through the real handler/bus, and asserts a bound consumer/queue receives it. Test skips gracefully when Docker is unavailable, matching the existing test's behavior.
- [ ] The `RabbitMq` management UI shows a `session-question-closed` exchange (verified manually or documented in the PR).
- [ ] The old hand-rolled publisher still handles the other two events (no regression); build and existing tests pass.

## Blocked by

None - can start immediately.","Canceled",,"No priority",,,"samuelpl0888@gmail.com",,"ready-for-agent, svc:session-operations-service",,,,,"2026-07-11T14:11:02.856Z","2026-07-12T10:12:10.276Z",,,,"2026-07-11T14:15:14.465Z",,,,"",,,,"f3f5ec40-15c8-4908-93b9-b17b425caa8d",2042,"DES-89, DES-53, DES-90","",
"DES-65","umbral-equipo-12","AFK - Mission structure invariants and readiness validation","## Parent

[DES-62](https://linear.app/desarrollo-equipo-12/issue/DES-62/prd-primera-implementacion-de-missiondesign-service-hu-09-a-hu-14) - PRD - Primera implementación de MissionDesign service (HU-09 a HU-14)

## What to build

Implement the third `MissionDesign` vertical slice that hardens mission hierarchy rules and source-readiness validation.

This slice must reject structurally invalid combinations in mission authoring and make activation/readiness depend on the bounded mission rules already defined by the backlog and domain model. The slice should centralize those rules in a domain-level policy or equivalent aggregate-owned logic so they are not scattered across handlers or transport validation.

The scope of this slice is not to add new runtime behavior, but to make the authoring flow safe and explicit for invalid mission structures.

## Acceptance criteria

- [ ] The system rejects a `Clue` directly under a `Stage` and rejects a `Substage` under another `Substage`.
- [ ] The system rejects any attempt to author child nodes under a `Clue`.
- [ ] A `Mission` with structurally incomplete stage composition is not considered ready for live-session use.
- [ ] Rejections expose a consistent business-level reason and the slice is implemented end-to-end through domain, application, persistence, API, and automated tests.

## Blocked by

* [DES-64](https://linear.app/desarrollo-equipo-12/issue/DES-64/afk-mission-hierarchy-authoring-with-stage-substage-and-clue)","Canceled",,"High","fb419a0e-c700-4169-8801-21490db42f94","Umbral Proyecto Desarrollo - Equipo 12","samuelpl0888@gmail.com",,"Feature, ready-for-agent",,,,,"2026-05-24T15:21:49.638Z","2026-05-28T16:01:07.605Z",,,,"2026-05-28T16:01:06.996Z",,,,"",,,,"8540a045-9fd9-4578-8e1f-aad068d2bad1",65296,"DES-62, DES-64","",
"DES-64","umbral-equipo-12","AFK - Mission hierarchy authoring with Stage, Substage, and Clue","## Parent

[DES-62](https://linear.app/desarrollo-equipo-12/issue/DES-62/prd-primera-implementacion-de-missiondesign-service-hu-09-a-hu-14) - PRD - Primera implementación de MissionDesign service (HU-09 a HU-14)

## What to build

Implement the second `MissionDesign` vertical slice for hierarchical `MissionNode` authoring.

This slice must let an administrator build the bounded mission hierarchy using `Stage`, `Substage`, and `Clue`, attached to an existing `Mission`. The slice must add and update hierarchy content end-to-end and preserve the project’s ubiquitous language rather than introducing generic workflow terminology.

This slice should establish `MissionNode` as a child entity owned by `Mission` and make the hierarchy queryable through the same service so authoring can be reviewed after write operations.

## Acceptance criteria

- [ ] An administrator can add `Stage`, `Substage`, and `Clue` nodes to a `Mission` using the allowed hierarchy entrypoints.
- [ ] A `Mission` detail read exposes the authored hierarchy in a way that is sufficient to review structure after changes.
- [ ] A `Clue` cannot behave as a parent node in the authoring flow.
- [ ] The slice is implemented end-to-end through domain, application, persistence, API, and automated tests.

## Blocked by

* [DES-63](https://linear.app/desarrollo-equipo-12/issue/DES-63/afk-mission-authoring-baseline-and-catalogdetail-flow)","Canceled",,"High","fb419a0e-c700-4169-8801-21490db42f94","Umbral Proyecto Desarrollo - Equipo 12","samuelpl0888@gmail.com",,"Feature, ready-for-agent",,,,,"2026-05-24T15:21:31.300Z","2026-05-28T16:01:01.275Z",,,,"2026-05-28T16:01:01.248Z",,,,"",,,,"98bea925-901c-4454-b263-93a56c41424b",65296,"DES-65, DES-15, DES-62, DES-63","",
"DES-63","umbral-equipo-12","AFK - Mission authoring baseline and catalog/detail flow","## Parent

[DES-62](https://linear.app/desarrollo-equipo-12/issue/DES-62/prd-primera-implementacion-de-missiondesign-service-hu-09-a-hu-14) - PRD - Primera implementación de MissionDesign service (HU-09 a HU-14)

## What to build

Implement the first complete vertical slice for `MissionDesign` authoring around the `Mission` aggregate.

This slice must let an administrator create, consult, edit, and deactivate a `Mission` used as base content for mission sessions. It must establish the service pattern that the rest of `MissionDesign` will follow: aggregate-centered domain logic, application commands/queries, persistence through service-owned repositories, API exposure, and automated tests.

The slice must include the minimum domain model required for `Mission` basics and source-readiness state, including `Difficulty`, `MaximumTime`, and `MissionActivation`, while keeping runtime authority out of this service.

## Acceptance criteria

- [ ] An administrator can create a `Mission` with its basic data and later retrieve it through catalog and detail reads.
- [ ] An administrator can update the basic authoring data of an existing `Mission` without recreating it.
- [ ] An administrator can deactivate a `Mission`, and a deactivated `Mission` is no longer considered available for new session-source use.
- [ ] The slice is implemented end-to-end through domain, application, persistence, API, and automated tests.

## Blocked by

None - can start immediately","Canceled",,"High","fb419a0e-c700-4169-8801-21490db42f94","Umbral Proyecto Desarrollo - Equipo 12","samuelpl0888@gmail.com",,"Feature, ready-for-agent",,,,,"2026-05-24T15:21:10.811Z","2026-05-28T16:00:59.802Z",,,,"2026-05-28T16:00:59.775Z",,,,"",,,,"d2ffd6f5-ad40-4657-9452-5fcd342e48ab",65296,"DES-64, DES-14, DES-62","",